"jobTitle","company","meanPay"
"Marketing","IBM","$86,547/yr"
"Marketing - Hourly Intern","Yelp","$9/hr"
"Marketing - Hourly Intern","Aramark","$10/hr"
"Marketing","Thomson Reuters","$62,246/yr"
"Marketing","Power Home Remodeling","$27,720/yr"
"Marketing - Hourly Intern","Philadelphia Insurance Companies","$13/hr"
"Marketing","Power Home Remodeling","$28,270/yr"
"Marketing - Hourly Intern","Verizon","$18/hr"
"Marketing - Hourly Intern","Stryker","$18/hr"
"Marketing","Faithlife","$43,314/yr"
"Marketing - Hourly Intern","L'Oréal","$20/hr"
"Marketing - Hourly Intern","Discover","$17/hr"
"Marketing - Hourly Intern","CUNA Mutual","$16/hr"
"Marketing - Monthly Intern","Cummins","$3,117/mo"
"Marketing - Hourly Intern","Cardinal Health","$19/hr"
"Marketing - Monthly","Power Home Remodeling","$2,061/mo"
"Marketing","Bisk","$47,899/yr"
"Marketing","GE","$83,906/yr"
"Marketing - Hourly Intern","Viacom","$11/hr"
"Marketing - Hourly Intern","Tyson Foods","$14/hr"
"Marketing","Backcountry.com","$54,098/yr"
"Marketing - Hourly Intern","Hewlett-Packard","$25/hr"
"Marketing - Hourly","Farmers Insurance Group","$11/hr"
"Marketing - Hourly Intern","Chick-fil-A","$10/hr"
"Marketing - Hourly Intern","NBCUniversal","$11/hr"
"Marketing - Hourly Intern","Southwest Airlines","$13/hr"
"Marketing - Hourly Intern","Sodexo USA","$13/hr"
"Marketing","Gibson Brands","$85,292/yr"
"Marketing - Hourly Intern","SAP Concur","$26/hr"
"Marketing","Caterpillar","$98,350/yr"
"Marketing","NCR","$79,380/yr"
"Marketing - Hourly Intern","Moen","$17/hr"
"Marketing - Hourly Intern","OpenSesame","$11/hr"
"Marketing - Hourly Intern","Unilever","$21/hr"
"Marketing - Hourly Intern","Plantronics","$16/hr"
"Marketing - Hourly Intern","PepsiCo","$27/hr"
"Marketing - Hourly Intern","State Farm","$10/hr"
"Marketing - Hourly Intern","SAP","$28/hr"
"Marketing - Hourly Intern","Ingersoll Rand","$20/hr"
"Marketing - Hourly Intern","Hasbro","$15/hr"
"Marketing","The Coca-Cola Company","$59,671/yr"
"Marketing - Hourly Intern","Walt Disney Company","$17/hr"
"Marketing","Veeam Software","$45,984/yr"
"Marketing - Hourly Intern","Paramount Pictures","$11/hr"
"Marketing - Hourly Intern","Marathon Petroleum","$21/hr"
"Marketing - Hourly Intern","Comcast","$16/hr"
"Marketing - Hourly Intern","Zimmer Biomet","$18/hr"
"Marketing - Hourly Intern","New York Times","$22/hr"
"Marketing","Google","$102,346/yr"
"Marketing - Hourly Intern","National Instruments","$11/hr"
"Marketing","Kestler Financial Group","$53,831/yr"
"Marketing - Hourly Intern","Qualcomm","$19/hr"
"Marketing","PlayStation","$84,643/yr"
"Marketing","Jive Communications","$46,593/yr"
"Marketing - Hourly Intern","Kohler","$20/hr"
"Marketing","Chetu","$33,514/yr"
"Marketing","BELFOR Group","$57,848/yr"
"Marketing - Hourly Intern","Carahsoft","$9/hr"
"Marketing - Hourly Intern","Big Ten Network","$11/hr"
"Marketing - Hourly Intern","Philips","$28/hr"
"Marketing","GlaxoSmithKline","$165,251/yr"
"Marketing","Netflix","$128,669/yr"
"Marketing","Intersections","$46,625/yr"
"Marketing","Progrexion","$65,579/yr"
"Marketing - Hourly Intern","Simon Property Group","$12/hr"
"Marketing","Babcock & Brown","$234,520/yr"
"Marketing","VMware","$81,123/yr"
"Marketing - Hourly Intern","Lab Consulting Partnership","$13/hr"
"Marketing","Citrix","$180,782/yr"
"Marketing - Monthly Intern","John Deere","$3,518/mo"
"Marketing","Build.com","$52,689/yr"
"Marketing","Kingston Technology","$51,090/yr"
"Marketing","Wayfair","$41,106/yr"
"Marketing","Dr Pepper Snapple Group","$129,005/yr"
"Marketing","Veterans United Home Loans","$53,529/yr"
"Marketing - Hourly Intern","Wolverine Worldwide","$13/hr"
"Marketing","Tableau Software","$63,865/yr"
"Marketing","Dell Technologies","$107,497/yr"
"Marketing","3M","$90,773/yr"
"Marketing - Hourly Intern","Snap-on","$14/hr"
"Marketing","Gannett","$72,181/yr"
"Marketing","Rue Gilt Groupe","$64,607/yr"
"Marketing - Hourly Intern","Roche","$23/hr"
"Marketing","Hyland","$66,886/yr"
"Marketing","Gartner","$48,893/yr"
"Marketing","Halliburton","$70,853/yr"
"Marketing - Hourly Intern","HubSpot","$16/hr"
"Marketing - Monthly Intern","Eli Lilly and Company","$3,952/mo"
"Marketing","Thomas","$57,922/yr"
"Marketing","Bank of America","$43,286/yr"
"Marketing - Hourly","Chick-fil-A","$11/hr"
"Marketing - Hourly Intern","Cisco Systems","$24/hr"
"Marketing - Hourly Intern","Sherwin-Williams","$13/hr"
"Marketing","Stryker","$70,620/yr"
"Marketing - Hourly Intern","CNH Industrial","$18/hr"
"Marketing","Cargill","$92,637/yr"
"Marketing","Amazon","$91,502/yr"
"Marketing","MongoDB","$130,117/yr"
"Marketing - Hourly Intern","Movado Group","$13/hr"
"Marketing - Hourly Intern","Prudential","$21/hr"
"Marketing","Active Interest Media","$43,707/yr"
"Marketing - Hourly Intern","IBM","$25/hr"
"Marketing","Cengage","$69,204/yr"
"Marketing - Hourly Intern","Pearson","$14/hr"
"Marketing","J.P. Morgan","$86,110/yr"
"Marketing","SAP","$90,000/yr"
"Marketing","Clearlink","$56,308/yr"
"Marketing - Hourly Intern","Farmers Insurance Group","$11/hr"
"Marketing - Hourly Intern","Siemens","$20/hr"
"Marketing - Hourly Intern","AmerisourceBergen","$17/hr"
"Marketing - Monthly","HomeStar Remodeling","$1,700/mo"
"Marketing","Social Annex","$67,602/yr"
"Marketing - Hourly Intern","Outfront Media","$12/hr"
"Marketing - Hourly Intern","GE Healthcare","$21/hr"
"Marketing","Gusto","$97,284/yr"
"Marketing - Hourly Intern","Halliburton","$22/hr"
"Marketing","BambooHR","$57,968/yr"
"Marketing - Hourly Intern","Charles Schwab","$28/hr"
"Marketing","Kasasa","$55,147/yr"
"Marketing - Hourly Intern","2U","$17/hr"
"Marketing - Hourly Intern","Caterpillar","$22/hr"
"Marketing","Bloomberg L.P.","$83,921/yr"
"Marketing","TechStyle","$69,559/yr"
"Marketing","Verlocal","$58,786/yr"
"Marketing","Trupanion","$48,321/yr"
"Marketing","Shopatron","$41,695/yr"
"Marketing - Hourly Intern","Oracle","$25/hr"
"Marketing - Hourly Intern","Thermo Fisher Scientific","$17/hr"
"Marketing","Home Instead Senior Care","$39,268/yr"
"Marketing - Hourly Intern","Zendesk","$22/hr"
"Marketing - Hourly Intern","Dun & Bradstreet","$17/hr"
"Marketing","Aramark","$44,781/yr"
"Marketing - Hourly Intern","Morgan Stanley","$11/hr"
"Marketing","Thomson Reuters","$112,316/yr"
"Marketing","HomeStar Remodeling","$33,179/yr"
"Marketing - Hourly Intern","Aon","$15/hr"
"Marketing - Monthly","Power Home Remodeling","$2,235/mo"
"Marketing","SoFi","$146,566/yr"
"Marketing","WellPoint","$88,851/yr"
"Marketing","Johnson & Johnson","$82,069/yr"
"Marketing - Hourly Intern","Juniper Networks","$27/hr"
"Marketing - Hourly Intern","Zane Benefits","$11/hr"
"Marketing","StubHub","$78,886/yr"
"Marketing","Medtronic","$123,613/yr"
"Marketing","Pearson","$73,801/yr"
"Marketing","Spanx","$56,784/yr"
"Marketing","Sonova","$71,242/yr"
"Marketing","Time Warner Cable","$86,769/yr"
"Marketing","Palo Alto Networks","$133,568/yr"
"Marketing","CSS Industries","$50,366/yr"
"Marketing - Hourly Intern","Cloud Sherpas","$11/hr"
"Marketing - Hourly Intern","Cengage","$14/hr"
"Marketing - Hourly Intern","Fisher-Price","$19/hr"
"Marketing","Bloomingdale's","$59,211/yr"
"Marketing","Groupon","$43,498/yr"
"Marketing","2U","$68,625/yr"
"Marketing","Hello Innovation","$56,511/yr"
"Marketing - Hourly Intern","Anchor Bay","$10/hr"
"Marketing","Zynga","$90,926/yr"
"Marketing","Bullhorn","$51,517/yr"
"Marketing","Penton","$80,327/yr"
"Marketing","CAN Capital","$82,868/yr"
"Marketing","Citi","$55,433/yr"
"Marketing - Monthly Intern","Alcoa","$3,813/mo"
"Marketing","Tough Mudder","$63,847/yr"
"Marketing","Bayer","$99,944/yr"
"Marketing - Hourly Intern","SolidWorks","$18/hr"
"Marketing - Hourly Intern","Lionbridge","$13/hr"
"Marketing","NIKE","$100,695/yr"
"Marketing","Neustar","$116,290/yr"
"Marketing","Wolters Kluwer","$78,796/yr"
"Marketing - Hourly Intern","Mattel","$19/hr"
"Marketing - Hourly Intern","Chartwells Higher Education Dining Services","$10/hr"
"Marketing - Monthly Intern","American Accessories International","$3,439/mo"
"Marketing","Yahoo","$109,012/yr"
"Marketing - Hourly Intern","Farmers Insurance Group","$11/hr"
"Marketing","Brady","$52,517/yr"
"Marketing - Hourly Intern","Jive Software","$22/hr"
"Marketing","The Learning House","$41,132/yr"
"Marketing","Specialized Bicycle Components","$57,283/yr"
"Marketing","Identity Dental Marketing","$33,692/yr"
"Marketing - Hourly Intern","Frontier Communications","$12/hr"
"Marketing","BigCommerce","$61,987/yr"
"Marketing - Hourly Intern","Western Union","$31/hr"
"Marketing - Monthly Intern","KOTRA","$3,227/mo"
"Marketing","Cox Media Group","$56,335/yr"
"Marketing - Hourly Intern","Spectrum","$18/hr"
"Marketing","Mango Languages","$62,330/yr"
"Marketing - Hourly Intern","New York Mets Organization","$10/hr"
"Marketing - Hourly Intern","Veterans United Home Loans","$13/hr"
"Marketing - Monthly Intern","FCA Fiat Chrysler Automobiles","$2,994/mo"
"Marketing","Bodybuilding.com","$66,173/yr"
"Marketing - Hourly Intern","Target","$15/hr"
"Marketing - Hourly Intern","Animoto","$13/hr"
"Marketing","Leaf Filter Gutter Protection","$54,530/yr"
"Marketing - Hourly Intern","Aderant","$12/hr"
"Marketing","All Star Directories, Inc.","$97,328/yr"
"Marketing - Hourly Intern","Gap","$21/hr"
"Marketing","Discover","$91,230/yr"
"Marketing - Hourly","Accessory Power","$15/hr"
"Marketing","Lanyon","$45,208/yr"
"Marketing - Hourly Intern","Milwaukee Bucks","$11/hr"
"Marketing","INVISTA","$71,901/yr"
"Marketing - Monthly Intern","Digital Pulp","$1,064/mo"
"Marketing","Haven Life","$126,375/yr"
"Marketing - Hourly","Vivax Pros","$16/hr"
"Marketing - Hourly Intern","Hilti North America","$22/hr"
"Marketing - Hourly Intern","Robert Bosch","$24/hr"
"Marketing - Hourly Intern","USAA","$19/hr"
"Marketing","Showtime Networks","$112,686/yr"
"Marketing","Learning Tree International","$87,200/yr"
"Marketing","AIG","$85,154/yr"
"Marketing","iCIMS","$53,909/yr"
"Marketing","Paycor","$92,353/yr"
"Marketing","Eating Recovery Center","$59,045/yr"
"Marketing","NerdWallet","$59,123/yr"
"Marketing - Hourly Intern","Schneider Electric","$18/hr"
"Marketing","Liberty Travel","$41,200/yr"
"Marketing","Chegg","$91,611/yr"
"Marketing - Hourly Intern","YMT Vacations","$13/hr"
"Marketing","Mouser Electronics","$38,032/yr"
"Marketing - Hourly Intern","Starz Entertainment","$13/hr"
"Marketing","Vera Bradley","$55,902/yr"
"Marketing","MyBuys","$97,782/yr"
"Marketing","Newton Running","$53,307/yr"
"Marketing","Edward Jones","$79,089/yr"
"Marketing","Spiceworks","$81,037/yr"
"Marketing - Hourly Intern","Wolters Kluwer","$14/hr"
"Marketing - Hourly Intern","Nordson","$15/hr"
"Marketing","Transamerica","$91,140/yr"
"Marketing - Hourly Intern","NIKE","$19/hr"
"Marketing - Monthly Intern","General Motors (GM)","$3,959/mo"
"Marketing - Hourly Intern","Yahoo","$21/hr"
"Marketing","Intuit","$171,502/yr"
"Marketing - Hourly Intern","Morningstar","$13/hr"
"Marketing","Integra LifeSciences","$156,513/yr"
"Marketing","NVIDIA","$156,006/yr"
"Marketing","American Automobile Association (AAA)","$60,468/yr"
"Marketing","Direct Auto","$96,754/yr"
"Marketing","Institute for Integrative Nutrition","$44,718/yr"
"Marketing","New Relic","$117,169/yr"
"Marketing","MeUndies","$79,961/yr"
"Marketing - Hourly Intern","Brady","$16/hr"
"Marketing - Hourly Intern","Dennis Corporation","$11/hr"
"Marketing","Software Advice","$49,440/yr"
"Marketing - Hourly Intern","OrderUp","$11/hr"
"Marketing - Hourly Intern","KaVo Kerr","$12/hr"
"Marketing","Wolfram Research","$43,947/yr"
"Marketing","WellCare","$58,241/yr"
"Marketing","Salesforce","$122,794/yr"
"Marketing - Hourly Intern","Rich Products","$15/hr"
"Marketing","MuleSoft","$75,925/yr"
"Marketing","Acumed","$61,883/yr"
"Marketing","SolarWinds","$108,430/yr"
"Marketing","Overstock.com","$57,399/yr"
"Marketing","Acadia Healthcare","$52,366/yr"
"Marketing - Hourly Intern","TripAdvisor","$20/hr"
"Marketing","Team Velocity","$61,407/yr"
"Marketing - Hourly Intern","Junebug Weddings","$9/hr"
"Marketing","Allied Wire & Cable","$37,315/yr"
"Marketing - Hourly Intern","NetApp","$27/hr"
"Marketing","DialogTech","$55,745/yr"
"Marketing","PODS","$81,953/yr"
"Marketing - Hourly Intern","Kaiser Permanente","$26/hr"
"Marketing","Skybox Security","$145,691/yr"
"Marketing - Hourly Contractor","Google","$22/hr"
"Marketing","Whole Foods Market","$53,221/yr"
"Marketing","Cerner","$48,868/yr"
"Marketing","Renaissance Learning","$57,912/yr"
"Marketing - Hourly Intern","EF Education First","$15/hr"
"Marketing - Hourly Intern","PayPal","$24/hr"
"Marketing","DEFENDERS","$53,818/yr"
"Marketing","Concordia Publishing House","$45,998/yr"
"Marketing","Sage","$109,848/yr"
"Marketing","Telerik","$57,131/yr"
"Marketing","J. C. Penney","$78,549/yr"
"Marketing","Ricoh","$86,110/yr"
"Marketing - Hourly Intern","Motorola Solutions","$19/hr"
"Marketing","Frontier Communications","$117,075/yr"
"Marketing - Hourly","State Farm","$19/hr"
"Marketing - Hourly Intern","Bisk","$11/hr"
"Marketing","Epsilon","$100,653/yr"
"Marketing","Humana","$63,865/yr"
"Marketing","The American College of Financial Services","$62,352/yr"
"Marketing - Hourly Intern","Cox Media Group","$11/hr"
"Marketing - Monthly Intern","Phillips 66","$4,189/mo"
"Marketing","Life Time","$96,703/yr"
"Marketing","Anheuser-Busch","$71,379/yr"
"Marketing - Hourly Intern","Sandhills Global","$16/hr"
"Marketing","Prudential","$75,832/yr"
"Marketing","National Products (RAM Mounting Systems)","$62,429/yr"
"Marketing","Evine","$64,918/yr"
"Marketing","Microsoft","$102,493/yr"
"Marketing - Hourly","Farmers Insurance Group","$12/hr"
"Marketing","Silver Eagle","$53,065/yr"
"Marketing - Hourly Intern","Continuum","$16/hr"
"Marketing","Viasat","$76,000/yr"
"Marketing - Hourly Intern","Cook Medical Inc","$17/hr"
"Marketing","Logos Bible Software","$43,055/yr"
"Marketing","Oscar Health","$91,342/yr"
"Marketing","Zimmer Biomet","$85,332/yr"
"Marketing - Hourly Intern","Lenovo","$13/hr"
"Marketing","Treasure Data","$138,183/yr"
"Marketing","Auto Club of Southern California","$70,234/yr"
"Marketing","K12","$90,799/yr"
"Marketing","Bon-Ton Stores","$52,784/yr"
"Marketing","Polycom","$144,342/yr"
"Marketing","Riverbed Technology","$109,848/yr"
"Marketing - Hourly Intern","Porsche Cars North America","$15/hr"
"Marketing - Hourly Intern","Reynolds and Reynolds","$10/hr"
"Marketing","Mizuno","$58,133/yr"
"Marketing","Merritt Hawkins","$54,098/yr"
"Marketing","American Express","$91,627/yr"
"Marketing - Hourly Intern","Workiva","$11/hr"
"Marketing","Aeris Communications","$73,611/yr"
"Marketing","Bose","$105,154/yr"
"Marketing","Hart Energy Publishing LLC","$57,121/yr"
"Marketing","Live Nation Entertainment","$43,096/yr"
"Marketing","Pentair","$84,089/yr"
"Marketing - Hourly","Nordic Naturals","$19/hr"
"Marketing","AT&T","$59,361/yr"
"Marketing - Hourly Intern","Time Inc.","$11/hr"
"Marketing","ON24, Inc.","$78,070/yr"
"Marketing - Hourly Intern","HDR","$20/hr"
"Marketing - Hourly Intern","Socket Telecom","$11/hr"
"Marketing - Hourly Intern","Spok","$16/hr"
"Marketing","Southern New Hampshire University","$48,886/yr"
"Marketing","Newegg","$44,758/yr"
"Marketing","Axalta","$103,204/yr"
"Marketing","Chemours","$92,043/yr"
"Marketing - Hourly Intern","DIRECTV","$19/hr"
"Marketing","Ring","$119,988/yr"
"Marketing - Hourly Intern","Bio-Rad Laboratories","$18/hr"
"Marketing","Philips","$64,918/yr"
"Marketing - Hourly Intern","Avis Budget Group","$17/hr"
"Marketing - Hourly Intern","Arnold","$13/hr"
"Marketing","Hewlett Packard Enterprise | HPE","$101,179/yr"
"Marketing - Hourly Intern","FCA Fiat Chrysler Automobiles","$19/hr"
"Marketing","Otter Products","$64,334/yr"
"Marketing","Fidelis Care","$49,268/yr"
"Marketing - Hourly Intern","Allstate","$11/hr"
"Marketing - Hourly Intern","Visa Inc.","$27/hr"
"Marketing - Hourly Intern","Mosaic Sales Solutions","$12/hr"
"Marketing","Thermo Fisher Scientific","$91,254/yr"
"Marketing","MINDBODY","$45,836/yr"
"Marketing - Hourly Intern","Aetna","$19/hr"
"Marketing - Hourly Intern","The Toro Company","$18/hr"
"Marketing","Boston Children's Hospital","$69,972/yr"
"Marketing","Blind","$80,000/yr"
"Marketing - Hourly","The Wedding Shoppe","$13/hr"
"Marketing - Hourly Contractor","Visa Inc.","$57/hr"
"Marketing","TDS Telecommunications","$75,406/yr"
"Marketing","Henkel","$98,262/yr"
"Marketing - Hourly Intern","On the Fly Marketing","$9/hr"
"Marketing - Hourly Intern","Experian","$13/hr"
"Marketing","Kennametal","$60,532/yr"
"Marketing - Hourly Intern","Red Bull","$17/hr"
"Marketing - Hourly Intern","Northwestern Mutual","$11/hr"
"Marketing","Hulu","$85,779/yr"
"Marketing","Morningstar","$64,502/yr"
"Marketing","Williams-Sonoma","$60,099/yr"
"Marketing","Blendtec","$96,959/yr"
"Marketing - Hourly","Prescription Lifeline","$9/hr"
"Marketing","Carrot-Top Industries","$32,358/yr"
"Marketing","Trimble","$101,591/yr"
"Marketing - Hourly Intern","Salesforce","$19/hr"
"Marketing","Summer Infant","$44,795/yr"
"Marketing","Papa John's","$37,473/yr"
"Marketing","Box","$207,613/yr"
"Marketing","Alteryx","$78,003/yr"
"Marketing - Hourly Intern","American Honda Motor","$18/hr"
"Marketing","Keypath Education","$49,881/yr"
"Marketing - Hourly Intern","Titanium Event Management","$8/hr"
"Marketing","Pampered Chef","$83,933/yr"
"Marketing","Mitratech","$55,551/yr"
"Marketing","Griffin Technology","$43,055/yr"
"Marketing - Hourly Intern","Course Hero","$11/hr"
"Marketing","Encana","$105,891/yr"
"Marketing - Hourly Intern","YMCA","$12/hr"
"Marketing - Hourly Intern","Subaru of America","$17/hr"
"Marketing","Panzura","$47,899/yr"
"Marketing","LHC Group","$54,047/yr"
"Marketing","ModCloth","$59,427/yr"
"Marketing - Hourly Intern","Dow Jones","$13/hr"
"Marketing - Hourly Intern","Parker Hannifin","$17/hr"
"Marketing - Hourly Intern","UnitedHealth Group","$18/hr"
"Marketing - Hourly Intern","Acelity","$16/hr"
"Marketing","PCM","$42,717/yr"
"Marketing","HarperCollins","$82,186/yr"
"Marketing - Hourly Intern","Water Pik","$16/hr"
"Marketing","Sybase","$56,828/yr"
"Marketing - Hourly Intern","Time Warner Cable","$17/hr"
"Marketing","PepsiCo","$60,427/yr"
"Marketing","Loomis Sayles & Company","$88,409/yr"
"Marketing - Hourly Intern","Universal Orlando Resort","$11/hr"
"Marketing - Hourly Intern","SeatGeek","$16/hr"
"Marketing - Hourly Intern","Coty","$16/hr"
"Marketing - Hourly Intern","Allergan","$19/hr"
"Marketing","American National Insurance","$46,227/yr"
"Marketing","8x8","$93,778/yr"
"Marketing - Hourly Intern","Tower Group (New York)","$22/hr"
"Marketing","Avalara","$53,940/yr"
"Marketing","Fisher Investments","$55,902/yr"
"Marketing","Therapy 2000","$55,066/yr"
"Marketing","HOSTING","$64,326/yr"
"Marketing - Hourly Intern","Nationwide","$16/hr"
"Marketing","Dentsply Sirona","$69,964/yr"
"Marketing - Hourly Intern","CooperVision","$16/hr"
"Marketing - Monthly Intern","BNSF Railway","$3,494/mo"
"Marketing","Healthgrades","$79,660/yr"
"Marketing - Hourly Intern","McDonald's","$22/hr"
"Marketing - Hourly","Prescription Lifeline","$10/hr"
"Marketing","Vital Pharmaceuticals (VPX)","$43,372/yr"
"Marketing - Hourly Intern","Houzz","$13/hr"
"Marketing","Vita Coco","$52,881/yr"
"Marketing - Hourly Intern","Ally Financial","$19/hr"
"Marketing - Hourly Intern","Domo","$16/hr"
"Marketing","adidas","$61,073/yr"
"Marketing","Compass","$65,254/yr"
"Marketing - Hourly Intern","WestRock","$17/hr"
"Marketing","eviCore healthcare","$64,918/yr"
"Marketing - Hourly Intern","AOL","$16/hr"
"Marketing - Hourly Intern","Big Lots","$17/hr"
"Marketing - Hourly Intern","Milwaukee Journal Sentinel","$10/hr"
"Marketing","DiscoverOrg","$87,815/yr"
"Marketing","Hilti North America","$119,500/yr"
"Marketing","Liberty Mutual Insurance","$107,778/yr"
"Marketing - Hourly Intern","Blue Cross Blue Shield of Michigan","$16/hr"
"Marketing","Passages Hospice","$50,111/yr"
"Marketing","Solution Tree","$41,076/yr"
"Marketing","Cynosure","$126,146/yr"
"Marketing - Hourly Intern","Thornton Tomasetti","$13/hr"
"Marketing","Southco","$77,201/yr"
"Marketing - Hourly Intern","Meijer","$15/hr"
"Marketing - Hourly","Vigor","$18/hr"
"Marketing","Barneys","$85,172/yr"
"Marketing","Market America","$64,668/yr"
"Marketing - Hourly Intern","Indianapolis Motor Speedway","$8/hr"
"Marketing - Hourly Intern","First Quality","$14/hr"
"Marketing - Hourly Intern","Henry Ford Health System","$13/hr"
"Marketing - Hourly Intern","Office Depot","$19/hr"
"Marketing","LogicMonitor","$100,980/yr"
"Marketing","The Bouqs Company","$72,351/yr"
"Marketing","CMG Financial","$52,222/yr"
"Marketing - Hourly Intern","CafePress","$14/hr"
"Marketing","Redbubble","$123,892/yr"
"Marketing","Signet Jewelers","$57,766/yr"
"Marketing","Fender Musical Instruments","$64,279/yr"
"Marketing","Reynolds and Reynolds","$32,229/yr"
"Marketing","Fishbowl Marketing","$58,090/yr"
"Marketing - Hourly Intern","Kaplan","$11/hr"
"Marketing","Precept Wine","$74,500/yr"
"Marketing - Hourly Intern","Ultimate Software","$17/hr"
"Marketing","1-800-Flowers.com","$62,155/yr"
"Marketing","C&T Publishing","$47,757/yr"
"Marketing","Sovereign Health Group","$56,899/yr"
"Marketing","Quark Software","$48,934/yr"
"Marketing - Hourly","Improveit! Home Remodeling","$19/hr"
"Marketing","Perk","$50,830/yr"
"Marketing","Bleu Marketing Solutions","$50,883/yr"
"Marketing - Hourly Intern","Princess Cruise Lines","$19/hr"
"Marketing","Anixter International","$45,862/yr"
"Marketing","SRI International","$146,064/yr"
"Marketing - Hourly Intern","Sealed Air Corporation","$22/hr"
"Marketing","Solid Cactus","$47,975/yr"
"Marketing","Liaison International","$56,983/yr"
"Marketing","AAA Northern California, Nevada & Utah","$139,158/yr"
"Marketing","Sunquest Information Systems","$45,757/yr"
"Marketing - Hourly Intern","FOX Sports","$11/hr"
"Marketing","Geneia","$59,979/yr"
"Marketing","Ossur","$116,752/yr"
"Marketing - Hourly Intern","Momentive Performance Materials","$23/hr"
"Marketing","Trunk Club","$103,813/yr"
"Marketing - Hourly Intern","Raymond James Financial","$13/hr"
"Marketing - Hourly Intern","UCLA","$10/hr"
"Marketing - Monthly Intern","Walmart","$3,340/mo"
"Marketing - Hourly Intern","Optimum Nutrition, Inc.","$17/hr"
"Marketing","BuroHappold","$58,564/yr"
"Marketing","StreetAuthority","$43,109/yr"
"Marketing","IKEA","$85,145/yr"
"Marketing","Orvis Company","$72,961/yr"
"Marketing","Economist Group","$91,617/yr"
"Marketing - Hourly Intern","Handex Consulting & Remediation","$11/hr"
"Marketing","Napleton Automotive Group","$57,498/yr"
"Marketing","Bio-Rad Laboratories","$127,082/yr"
"Marketing","Stanley Black & Decker","$54,378/yr"
"Marketing","FCA Fiat Chrysler Automobiles","$63,101/yr"
"Marketing - Hourly Intern","Henderson Glass","$11/hr"
"Marketing","The Zappos Family","$62,897/yr"
"Marketing","4Life Research","$42,784/yr"
"Marketing","HubSpot","$74,064/yr"
"Marketing","Pacific Life","$78,637/yr"
"Marketing - Hourly Intern","PennWell Corporation","$11/hr"
"Marketing","Wall Street Journal","$115,696/yr"
"Marketing","Accenture","$72,371/yr"
"Marketing - Hourly Intern","AMC Networks","$13/hr"
"Marketing","Spigit","$110,110/yr"
"Marketing","Lifesize","$123,077/yr"
"Marketing - Hourly Intern","BASF","$19/hr"
"Marketing","Safeway","$82,259/yr"
"Marketing","RISI","$74,190/yr"
"Marketing - Hourly Intern","Hertz","$16/hr"
"Marketing","SABIC","$80,764/yr"
"Marketing","Tumblr","$60,941/yr"
"Marketing","Shutterfly","$110,267/yr"
"Marketing - Hourly Intern","Andersen","$18/hr"
"Marketing - Hourly Intern","Lubrizol","$21/hr"
"Marketing - Hourly Intern","Ameriprise","$16/hr"
"Marketing","Chive Media Group","$69,278/yr"
"Marketing - Hourly Intern","BMO Financial Group","$20/hr"
"Marketing - Hourly Intern","Buffalo Wild Wings","$17/hr"
"Marketing - Hourly Intern","Global Prairie","$13/hr"
"Marketing - Hourly Intern","AEG Presents","$10/hr"
"Marketing","immixGroup","$60,865/yr"
"Marketing","Belk","$76,826/yr"
"Marketing - Hourly Intern","Illumina","$24/hr"
"Marketing","Phenomenex","$51,361/yr"
"Marketing","Forever 21","$57,166/yr"
"Marketing","Susan G. Komen","$70,161/yr"
"Marketing","Big Ass Fans","$59,719/yr"
"Marketing - Hourly Intern","Bentley Systems","$16/hr"
"Marketing - Hourly Intern","Clarkston Consulting","$14/hr"
"Marketing - Hourly Intern","Hyatt","$15/hr"
"Marketing","Realogics Sotheby's International Realty","$54,455/yr"
"Marketing","PeopleAdmin","$38,397/yr"
"Marketing","Algolia","$116,241/yr"
"Marketing - Hourly Intern","Intel Corporation","$18/hr"
"Marketing - Monthly Intern","Norfolk Southern","$4,284/mo"
"Marketing","Neighborly®","$48,177/yr"
"Marketing - Hourly Intern","Jarden","$13/hr"
"Marketing","Aberdeen","$66,298/yr"
"Marketing - Monthly","Prescription Lifeline","$3,059/mo"
"Marketing","Philips Lighting","$77,274/yr"
"Marketing","Veritas","$143,384/yr"
"Marketing","Kabbage","$57,788/yr"
"Marketing","Visa Inc.","$102,946/yr"
"Marketing","Vitamix","$83,090/yr"
"Marketing - Hourly Intern","The Coca-Cola Company","$31/hr"
"Marketing","Unconventional Wealth Publishing","$46,500/yr"
"Marketing","Jack Link's Protein Snacks","$92,540/yr"
"Marketing","One Kings Lane","$84,285/yr"
"Marketing","Pulse Electronics","$77,064/yr"
"Marketing","Solutionreach","$52,872/yr"
"Marketing - Hourly Intern","Blackboard","$21/hr"
"Marketing","Centercode","$47,139/yr"
"Marketing - Hourly Intern","Bosch","$18/hr"
"Marketing - Hourly Intern","Bucks4Books","$11/hr"
"Marketing","HAKS Engineers","$50,596/yr"
"Marketing","Loot Crate","$69,191/yr"
"Marketing","Primex Family of Companies","$70,187/yr"
"Marketing","DECAGON DEVICES","$39,563/yr"
"Marketing - Hourly Intern","OPSWAT","$16/hr"
"Marketing - Hourly Intern","United Way","$12/hr"
"Marketing","BlueWare, Inc","$41,681/yr"
"Marketing","Seagate Technology","$123,587/yr"
"Marketing","HealthyPets","$40,740/yr"
"Marketing","Basic Research","$60,148/yr"
"Marketing","Tintri","$177,640/yr"
"Marketing","Children International","$64,130/yr"
"Marketing","Bedrosians","$61,478/yr"
"Marketing","Insurance Agency Marketing Services","$45,860/yr"
"Marketing","Sandhills Global","$48,230/yr"
"Marketing","Zudy","$116,899/yr"
"Marketing - Hourly Intern","The J. M. Smucker Company","$17/hr"
"Marketing","Olympus Corporation of the Americas","$62,628/yr"
"Marketing","Doterra","$56,216/yr"
"Marketing","Cision","$123,410/yr"
"Marketing","Analysis Group","$84,991/yr"
"Marketing","Eastman Kodak","$73,615/yr"
"Marketing","QBE","$64,484/yr"
"Marketing","MDLIVE","$77,381/yr"
"Marketing","Blackbaud","$57,795/yr"
"Marketing","Uniqlo","$62,525/yr"
"Marketing","Assisted Living Concepts","$46,571/yr"
"Marketing","Alfred Music","$42,734/yr"
"Marketing","WorldStrides","$42,008/yr"
"Marketing - Hourly Intern","Momentum Marketing Group","$10/hr"
"Marketing","KeepTruckin","$112,065/yr"
"Marketing","Ogden Publications","$30,173/yr"
"Marketing - Hourly Intern","E.E. Ward Moving & Storage Co.","$11/hr"
"Marketing - Hourly Intern","RealNetworks","$29/hr"
"Marketing","Newland Communities","$86,726/yr"
"Marketing - Hourly Intern","MongoDB","$22/hr"
"Marketing","Outcome Health","$136,702/yr"
"Marketing - Hourly","Vertical Screen","$27/hr"
"Marketing","Avison Young","$53,470/yr"
"Marketing - Hourly Intern","INVNT","$12/hr"
"Marketing","TechSoup","$83,721/yr"
"Marketing - Hourly Intern","Rogers Corporation","$28/hr"
"Marketing","DME Delivers","$34,441/yr"
"Marketing","Houghton Mifflin Harcourt","$75,630/yr"
"Marketing","deviantArt","$58,434/yr"
"Marketing - Hourly Intern","Allegion","$17/hr"
"Marketing","Kellogg Company","$80,866/yr"
"Marketing","Bronto Software","$77,204/yr"
"Marketing - Hourly","Momentum Marketing Group","$9/hr"
"Marketing","HCA Healthcare","$106,573/yr"
"Marketing - Hourly Intern","McAfee","$22/hr"
"Marketing","UBM","$80,973/yr"
"Marketing - Hourly Intern","Kinnser Software","$13/hr"
"Marketing","BlackRock","$136,903/yr"
"Marketing","Modernize","$80,796/yr"
"Marketing - Hourly Intern","MINDBODY","$12/hr"
"Marketing","Insomniac","$61,737/yr"
"Marketing - Hourly Intern","Scripps Networks Interactive","$12/hr"
"Marketing","Procter & Gamble","$79,139/yr"
"Marketing","Native Instruments","$46,971/yr"
"Marketing","Aria Systems","$91,322/yr"
"Marketing - Hourly","Titan Solar","$15/hr"
"Marketing","Insitu","$50,825/yr"
"Marketing","CallidusCloud","$150,570/yr"
"Marketing","Nordstrom","$91,795/yr"
"Marketing - Hourly Intern","Hanesbrands","$29/hr"
"Marketing","Stratasys Direct Manufacturing","$75,307/yr"
"Marketing","AIG Retirement Services","$48,323/yr"
"Marketing","Enterprise","$39,296/yr"
"Marketing","PROS","$83,316/yr"
"Marketing - Hourly Intern","Brown-Forman","$20/hr"
"Marketing","Refinery29","$47,561/yr"
"Marketing - Hourly Intern","Chase","$26/hr"
"Marketing - Hourly Intern","Newell Rubbermaid","$16/hr"
"Marketing","Corinthian Colleges","$57,262/yr"
"Marketing","Bluegreen Vacations","$40,946/yr"
"Marketing - Hourly Intern","Kyocera","$12/hr"
"Marketing","Rhythm Engineering","$51,181/yr"
"Marketing - Hourly Intern","Autodesk","$31/hr"
"Marketing - Hourly Intern","Kronos Incorporated","$17/hr"
"Marketing - Monthly Intern","UPS","$2,907/mo"
"Marketing","ManpowerGroup","$121,004/yr"
"Marketing","Zuora","$71,467/yr"
"Marketing - Hourly Intern","Johnson Controls","$19/hr"
"Marketing - Hourly Intern","WSP","$18/hr"
"Marketing","Buildium","$90,952/yr"
"Marketing - Hourly Intern","OGE Energy","$18/hr"
"Marketing","Outlook Amusements","$118,886/yr"
"Marketing - Hourly Intern","Ascend Learning","$10/hr"
"Marketing","Ironpaper","$50,817/yr"
"Marketing","Everspring","$88,463/yr"
"Marketing","Renewal By Andersen","$72,116/yr"
"Marketing","X-Rite","$104,318/yr"
"Marketing","Doctor on Demand","$89,128/yr"
"Marketing","Progressive Business Publications","$33,344/yr"
"Marketing","DaVita","$73,155/yr"
"Marketing","Teradata","$117,549/yr"
"Marketing - Hourly Intern","Dyn","$13/hr"
"Marketing","Shutterstock","$80,868/yr"
"Marketing","Columbia Sportswear","$61,648/yr"
"Marketing","ShowingTime.com","$65,247/yr"
"Marketing","Keap","$74,064/yr"
"Marketing","CBT Nuggets","$61,605/yr"
"Marketing","Allscripts","$156,821/yr"
"Marketing","Cogeco Peer 1","$51,092/yr"
"Marketing - Hourly Intern","Newnex Corp","$15/hr"
"Marketing","Virtuoso","$68,503/yr"
"Marketing","Imaginatik","$57,887/yr"
"Marketing","Tektronix","$113,530/yr"
"Marketing","UpOut","$45,732/yr"
"Marketing","Ticketmaster","$68,453/yr"
"Marketing","BNY Mellon","$102,601/yr"
"Marketing","PeerStream","$104,130/yr"
"Marketing - Hourly Intern","Avnet","$15/hr"
"Marketing","Berkshire Hathaway HomeServices","$39,117/yr"
"Marketing","Brandwatch","$90,140/yr"
"Marketing","Hill's Pet Nutrition","$184,783/yr"
"Marketing","IGI Global","$30,086/yr"
"Marketing","CPC Strategy","$51,732/yr"
"Marketing - Hourly Intern","Paul Mueller","$11/hr"
"Marketing","Dig Inn","$56,236/yr"
"Marketing - Hourly Intern","ACCO Brands","$16/hr"
"Marketing - Hourly Intern","Milwaukee Brewers","$8/hr"
"Marketing","McDermott Will & Emery","$83,370/yr"
"Marketing - Hourly","Aramark","$10/hr"
"Marketing","Talkdesk","$34,528/yr"
"Marketing - Hourly Intern","SWC Technology Partners","$13/hr"
"Marketing","Nicopure Labs","$52,114/yr"
"Marketing","Seventh Generation","$108,993/yr"
"Marketing","Forte Research Systems","$45,828/yr"
"Marketing - Hourly Intern","Brainshark","$13/hr"
"Marketing","Jakob Marketing Partners","$34,401/yr"
"Marketing","Esri","$57,945/yr"
"Marketing","Bluprint","$52,440/yr"
"Marketing","Hilton","$83,437/yr"
"Marketing","Liberty University","$39,625/yr"
"Marketing","Foot Locker","$55,664/yr"
"Marketing","PNC Financial Services Group","$89,103/yr"
"Marketing","Bloomin' Brands","$82,802/yr"
"Marketing - Hourly Intern","Geocaching HQ","$16/hr"
"Marketing - Hourly","Bath Fitter","$12/hr"
"Marketing","Intertek","$113,309/yr"
"Marketing","Achieve3000","$74,170/yr"
"Marketing","Rainman Creative","$39,707/yr"
"Marketing - Hourly Intern","TiVo","$19/hr"
"Marketing","tarte","$82,003/yr"
"Marketing - Hourly Intern","Wyndham Worldwide","$17/hr"
"Marketing","OneLogin","$169,419/yr"
"Marketing","National Instruments","$100,515/yr"
"Marketing","Dow Corning","$128,383/yr"
"Marketing","Plex Systems, Inc.","$91,869/yr"
"Marketing","Silverline","$64,625/yr"
"Marketing - Hourly Intern","Dassault Systemes","$29/hr"
"Marketing","List Partners","$44,403/yr"
"Marketing","App Annie","$58,526/yr"
"Marketing","LocalEdge","$138,561/yr"
"Marketing - Hourly Intern","Kings Island","$10/hr"
"Marketing","Swagelok","$94,047/yr"
"Marketing - Hourly Intern","LivingSocial","$16/hr"
"Marketing","Rewards Network","$50,467/yr"
"Marketing","GMR Marketing","$50,221/yr"
"Marketing","Ralph Lauren","$94,877/yr"
"Marketing","Bard","$137,428/yr"
"Marketing","Act-On Software","$57,328/yr"
"Marketing","Enhanced Group One","$36,142/yr"
"Marketing - Monthly Intern","Inteva Products","$2,762/mo"
"Marketing - Hourly Intern","Secureworks","$17/hr"
"Marketing","Carboline Company","$118,463/yr"
"Marketing","onlineshoes.com","$53,024/yr"
"Marketing","D.R. Horton","$47,398/yr"
"Marketing","Textron Aviation","$53,499/yr"
"Marketing - Hourly Intern","Uline","$17/hr"
"Marketing - Hourly Intern","Royal Caribbean Cruises","$11/hr"
"Marketing","TriMark USA","$45,758/yr"
"Marketing","AVB Marketing","$53,744/yr"
"Marketing","Skillz","$92,651/yr"
"Marketing","Lands' End","$72,003/yr"
"Marketing - Hourly Intern","MAQUET","$18/hr"
"Marketing","PruittHealth","$63,273/yr"
"Marketing","Moda Operandi","$61,647/yr"
"Marketing","S&P Global Platts","$75,976/yr"
"Marketing","Lockerz","$56,300/yr"
"Marketing - Hourly Intern","Sabert","$12/hr"
"Marketing","Jefferson Wells International","$76,549/yr"
"Marketing","Rose RadIology","$41,741/yr"
"Marketing","Wells Fargo","$97,550/yr"
"Marketing","Delta Air Lines","$64,151/yr"
"Marketing","Edelman Financial Engines","$98,558/yr"
"Marketing","Cardno","$49,102/yr"
"Marketing","Novus International","$84,801/yr"
"Marketing","Sovos","$54,017/yr"
"Marketing","Sophos","$116,308/yr"
"Marketing","Intralinks","$72,707/yr"
"Marketing","The Territory Ahead","$126,803/yr"
"Marketing","Farmers Insurance Group","$83,077/yr"
"Marketing - Hourly","Madison Square Garden","$15/hr"
"Marketing","Leanplum","$150,994/yr"
"Marketing - Hourly Intern","TicketCity","$9/hr"
"Marketing","Abbott Nutrition","$93,221/yr"
"Marketing","Aegis Living","$65,744/yr"
"Marketing","Keller Williams","$46,878/yr"
"Marketing","Showpad","$82,030/yr"
"Marketing","Post Consumer Brands","$84,640/yr"
"Marketing","AvePoint","$64,372/yr"
"Marketing - Hourly Intern","SprinkleBit","$12/hr"
"Marketing - Hourly Intern","Demandware","$19/hr"
"Marketing - Monthly Intern","PepsiCo","$5,228/mo"
"Marketing","Daktronics","$50,850/yr"
"Marketing - Hourly Intern","Glassdoor","$19/hr"
"Marketing","Combined Jewish Philanthropies","$61,897/yr"
"Marketing - Hourly Intern","Honest Tea","$14/hr"
"Marketing - Hourly Intern","FXCM","$12/hr"
"Marketing - Hourly Intern","CRP Industries","$14/hr"
"Marketing","WeddingWire","$59,632/yr"
"Marketing","American Society for Microbiology ASM","$109,935/yr"
"Marketing - Hourly Intern","BMO Harris Bank","$21/hr"
"Marketing","Post Foods","$138,425/yr"
"Marketing - Hourly Intern","Griffith Foods","$13/hr"
"Marketing - Hourly Intern","ShurTech","$13/hr"
"Marketing","Codility","$71,445/yr"
"Marketing","Nutranext","$72,825/yr"
"Marketing","ASUS","$57,832/yr"
"Marketing","Vertiv Co","$88,678/yr"
"Marketing","Drift","$81,447/yr"
"Marketing","Amplify Snack Brands","$76,401/yr"
"Marketing - Hourly Intern","Erwin Center","$10/hr"
"Marketing - Hourly Intern","BuzzFeed","$14/hr"
"Marketing - Hourly","Footlocker.com/Eastbay","$16/hr"
"Marketing - Hourly Intern","LumaSense Technologies (formerly Luxtron)","$11/hr"
"Marketing","Rimini Street","$123,605/yr"
"Marketing - Hourly Intern","Brand Iron","$12/hr"
"Marketing","ResMed","$85,071/yr"
"Marketing","Bernie Moreno Companies","$36,469/yr"
"Marketing","Nexeo Solutions","$91,123/yr"
"Marketing","Mediagistic","$46,044/yr"
"Marketing","Overdrive Interactive","$54,835/yr"
"Marketing","Target","$92,089/yr"
"Marketing","COMPAREX","$57,552/yr"
"Marketing - Hourly Intern","Beyond the Arc","$12/hr"
"Marketing - Hourly Intern","Workplace Answers","$14/hr"
"Marketing - Hourly Intern","Allied Global Services","$12/hr"
"Marketing","Market Traders Institute","$53,228/yr"
"Marketing - Hourly Intern","Magna International","$15/hr"
"Marketing","Hewlett-Packard","$92,772/yr"
"Marketing - Hourly Intern","Editorial Projects-Education","$12/hr"
"Marketing","National CineMedia","$64,111/yr"
"Marketing - Hourly Intern","Southco","$16/hr"
"Marketing","Acxiom","$147,254/yr"
"Marketing - Hourly","Starwood Hotels & Resorts","$17/hr"
"Marketing","Northern Credit Union","$43,951/yr"
"Marketing - Hourly","etailz","$14/hr"
"Marketing","FLIR","$65,182/yr"
"Marketing","Segway LLC","$50,113/yr"
"Marketing","ClickSoftware","$70,353/yr"
"Marketing","Greenheart International","$45,494/yr"
"Marketing","UnitedHealth Group","$85,078/yr"
"Marketing - Hourly Intern","Audio Transcription Center","$11/hr"
"Marketing - Hourly Intern","University of Wisconsin-Madison","$9/hr"
"Marketing","UPS","$81,648/yr"
"Marketing","USTA","$58,645/yr"
"Marketing - Hourly Intern","Invesco","$11/hr"
"Marketing","Hobsons","$54,512/yr"
"Marketing","SITA","$87,875/yr"
"Marketing","Arts Council of York County","$31,588/yr"
"Marketing","Roland DGA","$73,276/yr"
"Marketing","University of North Dakota","$49,475/yr"
"Marketing","Grainger","$98,826/yr"
"Marketing - Hourly Intern","PCA Skin","$14/hr"
"Marketing","Sugar Foods","$109,552/yr"
"Marketing","CA Technologies","$145,567/yr"
"Marketing","U.S. Bank","$79,266/yr"
"Marketing - Hourly Intern","Xerox","$16/hr"
"Marketing - Hourly Intern","Western Digital","$16/hr"
"Marketing","Norton Rose Fulbright","$84,133/yr"
"Marketing - Hourly Intern","Crain Communications","$14/hr"
"Marketing","Milacron","$78,037/yr"
"Marketing","Dairy Farmers of America","$49,076/yr"
"Marketing - Hourly Intern","CBS","$11/hr"
"Marketing","CNH Industrial","$64,587/yr"
"Marketing - Hourly Intern","TrackFive","$10/hr"
"Marketing - Hourly Intern","The Bradford Group","$11/hr"
"Marketing - Hourly","Vacasa","$16/hr"
"Marketing - Hourly Intern","United Technologies Climate, Controls & Security","$35/hr"
"Marketing","Datadog","$85,902/yr"
"Marketing","Online Buddies","$75,089/yr"
"Marketing","Beautycounter","$86,704/yr"
"Marketing","StorageCraft","$52,550/yr"
"Marketing - Hourly Intern","Steelcase","$17/hr"
"Marketing - Hourly Intern","HARMAN","$16/hr"
"Marketing - Monthly Intern","NIKE","$2,397/mo"
"Marketing - Hourly Intern","University of Florida","$11/hr"
"Marketing","Hanley Wood","$50,050/yr"
"Marketing","Innovative Interfaces, Inc","$74,132/yr"
"Marketing","Ghirardelli Chocolate","$75,587/yr"
"Marketing","DocAuto","$42,504/yr"
"Marketing","MTD Products","$97,682/yr"
"Marketing - Hourly Intern","Association of Equipment Manufacturers AEM","$11/hr"
"Marketing","Masco Cabinetry","$57,897/yr"
"Marketing","Limelight Networks","$74,773/yr"
"Marketing","Lumber Liquidators","$53,521/yr"
"Marketing","The Agora Companies","$54,085/yr"
"Marketing","Parasoft","$72,081/yr"
"Marketing - Monthly","Apple","$6,019/mo"
"Marketing","Insite Software Solutions","$62,736/yr"
"Marketing","Bright Horizons Family Solutions","$58,878/yr"
"Marketing - Hourly Intern","Allied Global Marketing","$17/hr"
"Marketing","Cellebrite","$93,504/yr"
"Marketing","Serena & Lily","$119,933/yr"
"Marketing - Hourly","IDX Broker","$12/hr"
"Marketing","Western CPE","$53,971/yr"
"Marketing","Infinity Insurance","$51,642/yr"
"Marketing","Intel Corporation","$155,242/yr"
"Marketing","LPL Financial","$73,343/yr"
"Marketing","Digitech Systems","$58,833/yr"
"Marketing","Rimkus Consulting Group","$78,598/yr"
"Marketing","Sealed Air Corporation","$74,498/yr"
"Marketing","Availity","$95,673/yr"
"Marketing","Direct Supply","$79,218/yr"
"Marketing","RedPrairie","$113,407/yr"
"Marketing - Hourly Intern","SRS Health","$10/hr"
"Marketing - Hourly Intern","Arctic Zero","$11/hr"
"Marketing","SquareTrade","$75,056/yr"
"Marketing","Pegasystems","$101,818/yr"
"Marketing","BANDAI NAMCO Entertainment","$65,786/yr"
"Marketing - Hourly Intern","Sanford Health","$11/hr"
"Marketing","Lord & Taylor","$65,887/yr"
"Marketing - Hourly Intern","Artisan Partners","$16/hr"
"Marketing","Toyota North America","$66,526/yr"
"Marketing","Siteimprove","$58,778/yr"
"Marketing","World Vision USA","$76,145/yr"
"Marketing - Hourly Intern","Minsa","$13/hr"
"Marketing","Elms College","$47,329/yr"
"Marketing","Grand Circle Travel","$56,778/yr"
"Marketing - Hourly Intern","Accenture","$17/hr"
"Marketing","drugstore.com","$60,058/yr"
"Marketing","TriNet","$78,448/yr"
"Marketing","YOR Health","$43,999/yr"
"Marketing","American Airlines","$79,798/yr"
"Marketing - Hourly Intern","Intersections","$25/hr"
"Marketing","ServiceMaster","$45,416/yr"
"Marketing","GE Healthcare","$186,097/yr"
"Marketing - Monthly Intern","Chicago Twenty Something","$1,039/mo"
"Marketing - Hourly Intern","Deloitte","$19/hr"
"Marketing","Smartsheet","$115,899/yr"
"Marketing - Hourly Intern","Chegg","$16/hr"
"Marketing","Daimler Trucks North America","$83,775/yr"
"Marketing","TechnologyAdvice","$44,979/yr"
"Marketing","CenterPoint Energy","$107,535/yr"
"Marketing","Signature HealthCARE","$45,760/yr"
"Marketing - Monthly Intern","Fueled","$433/mo"
"Marketing - Hourly Intern","Lauritzen Gardens","$8/hr"
"Marketing","Ultimate Software","$67,024/yr"
"Marketing","Gigya","$65,575/yr"
"Marketing - Hourly Intern","BISSELL","$15/hr"
"Marketing - Hourly Intern","Stanley Black & Decker","$16/hr"
"Marketing","Atlas Copco North America","$82,793/yr"
"Marketing","Howard Hanna","$44,788/yr"
"Marketing - Hourly Intern","Entrust Datacard","$26/hr"
"Marketing - Hourly Intern","CBS Interactive","$20/hr"
"Marketing","GoPro","$69,895/yr"
"Marketing - Hourly Intern","Guess?","$9/hr"
"Marketing","Jarden","$91,827/yr"
"Marketing","Cambridge Educational Services","$38,040/yr"
"Marketing","BASF","$69,365/yr"
"Marketing - Hourly Intern","Charity Dynamics","$15/hr"
"Marketing - Hourly Intern","Truth Initiative","$14/hr"
"Marketing","Allrecipes.com","$52,162/yr"
"Marketing - Monthly Intern","IMGE","$1,120/mo"
"Marketing - Hourly Intern","MetLife","$17/hr"
"Marketing","DICK'S Sporting Goods","$60,122/yr"
"Marketing","Jaguar Land Rover","$89,735/yr"
"Marketing","The Onion","$50,665/yr"
"Marketing","F+W, a Content + eCommerce Company","$65,886/yr"
"Marketing","Evonik","$79,814/yr"
"Marketing","Nimbus Data","$59,305/yr"
"Marketing","Jacobs","$63,204/yr"
"Marketing","Seattle Storm","$38,535/yr"
"Marketing - Hourly Intern","Sony Pictures Entertainment","$9/hr"
"Marketing","Benefitfocus","$43,195/yr"
"Marketing","VCE","$121,115/yr"
"Marketing","Smile Direct Club","$67,472/yr"
"Marketing","Aden And Anais","$56,838/yr"
"Marketing - Hourly Intern","Transamerica","$15/hr"
"Marketing - Hourly Intern","ION Media Networks","$15/hr"
"Marketing","Heatcraft Refrigeration Products","$127,691/yr"
"Marketing","Deluxe Corporation","$107,932/yr"
"Marketing - Hourly Intern","S&P Global Market Intelligence","$13/hr"
"Marketing","Protek Medical Products","$35,317/yr"
"Marketing","Chase","$75,369/yr"
"Marketing","TUNE","$88,736/yr"
"Marketing - Monthly Intern","Hint Water","$1,556/mo"
"Marketing - Hourly Intern","Legg Mason","$19/hr"
"Marketing - Hourly Intern","Mall of America","$11/hr"
"Marketing","Worldpay","$67,643/yr"
"Marketing","Ramsey Solutions","$48,158/yr"
"Marketing - Hourly Intern","Wiley","$14/hr"
"Marketing","Brainlab","$106,736/yr"
"Marketing - Hourly Intern","Marriott International","$16/hr"
"Marketing","Vantage Deluxe World Travel","$63,006/yr"
"Marketing","Kindred Healthcare","$88,521/yr"
"Marketing","HexArmor","$46,302/yr"
"Marketing","Freshpet","$75,907/yr"
"Marketing","StayWell","$82,753/yr"
"Marketing","Plantronics","$140,304/yr"
"Marketing","Merchants Group","$52,409/yr"
"Marketing","Hearsay Systems","$69,329/yr"
"Marketing","Publix","$57,241/yr"
"Marketing","Verizon","$96,756/yr"
"Marketing","NEA's Member Benefits","$81,317/yr"
"Marketing","Fareportal","$78,190/yr"
"Marketing","Xilinx","$171,167/yr"
"Marketing - Hourly Intern","Aimco Apartment Homes","$13/hr"
"Marketing","CR England","$59,022/yr"
"Marketing","MNI Targeted Media","$47,386/yr"
"Marketing - Hourly","Graphic Products","$16/hr"
"Marketing","Avvo","$142,704/yr"
"Marketing","VWR","$74,786/yr"
"Marketing - Hourly Intern","TD","$17/hr"
"Marketing","PIMCO","$121,423/yr"
"Marketing - Hourly Intern","VMware","$26/hr"
"Marketing - Hourly Intern","Progressive Business Publications","$11/hr"
"Marketing","Gaiam","$62,888/yr"
"Marketing","Oriental Trading Company","$54,519/yr"
"Marketing","Quicken Loans","$59,394/yr"
"Marketing - Hourly Intern","Inventure","$12/hr"
"Marketing","Greystone Healthcare Management","$53,842/yr"
"Marketing","Gogo","$88,865/yr"
"Marketing","Under Armour","$57,946/yr"
"Marketing","Philadelphia Insurance Companies","$45,927/yr"
"Marketing","Thumbtack","$162,073/yr"
"Marketing","Radiant Logic","$78,747/yr"
"Marketing","Chewy","$39,278/yr"
"Marketing - Hourly Intern","Deckers Brands","$16/hr"
"Marketing","Pitney Bowes","$81,317/yr"
"Marketing","GEICO","$63,509/yr"
"Marketing","M Financial Group","$47,587/yr"
"Marketing","MathWorks","$110,699/yr"
"Marketing","Europa Sports Products","$43,905/yr"
"Marketing","Kobrand Wine and Spirits","$83,993/yr"
"Marketing","American Hotel Register","$76,657/yr"
"Marketing","CallFire","$48,636/yr"
"Marketing","BCU","$64,714/yr"
"Marketing - Hourly Intern","Bentley University","$12/hr"
"Marketing","Petersen Automotive Museum","$48,345/yr"
"Marketing - Hourly Intern","QIAGEN","$13/hr"
"Marketing","Shoptiques","$103,566/yr"
"Marketing","Gulfstream","$57,140/yr"
"Marketing - Hourly Intern","Balfour Beatty","$19/hr"
"Marketing","TIBCO Software","$75,628/yr"
"Marketing - Hourly Intern","Cost Plus","$16/hr"
"Marketing - Hourly Intern","Procter & Gamble","$25/hr"
"Marketing","Community Brands","$88,176/yr"
"Marketing - Hourly Intern","ALSAC/St. Jude Children's Research Hospital","$11/hr"
"Marketing","AirWatch","$59,179/yr"
"Marketing - Hourly","Jersey Mike's","$11/hr"
"Marketing","Babson College","$56,705/yr"
"Marketing","Zendesk","$141,126/yr"
"Marketing","FIJI Water","$78,723/yr"
"Marketing","USB Memory Direct","$40,284/yr"
"Marketing","AriensCo","$62,939/yr"
"Marketing","Louisiana-Pacific","$54,556/yr"
"Marketing - Hourly Intern","Speedway LLC","$17/hr"
"Marketing","Vantiv","$67,584/yr"
"Marketing - Hourly Intern","The Marek Group","$13/hr"
"Marketing - Hourly Intern","Hilton","$16/hr"
"Marketing","Lansinoh Laboratories","$91,375/yr"
"Marketing","EMD Serono","$106,403/yr"
"Marketing","Surge Staffing","$38,687/yr"
"Marketing","STV","$59,127/yr"
"Marketing","Aflac","$95,838/yr"
"Marketing","Gordon Food Service","$54,619/yr"
"Marketing","Roche","$127,523/yr"
"Marketing - Hourly","Kohl's","$15/hr"
"Marketing - Hourly Intern","Taylor Corporation","$13/hr"
"Marketing","Storenvy","$81,346/yr"
"Marketing","American Society for Quality","$45,041/yr"
"Marketing - Hourly Intern","Staples","$18/hr"
"Marketing","Wyndham Destinations","$60,038/yr"
"Marketing","Gale","$71,469/yr"
"Marketing","TransUnion","$72,253/yr"
"Marketing","TigerDirect","$49,673/yr"
"Marketing - Hourly Intern","T-Mobile","$19/hr"
"Marketing","Proforma","$39,452/yr"
"Marketing - Hourly Intern","Genesys","$18/hr"
"Marketing","Curtis","$57,330/yr"
"Marketing","Page Southerland Page","$62,580/yr"
"Marketing - Hourly Intern","Gates Corporation","$14/hr"
"Marketing","GateHouse Media","$95,945/yr"
"Marketing","DrFirst","$64,939/yr"
"Marketing - Monthly Intern","China Telecom Americas","$1,781/mo"
"Marketing","State Farm","$75,452/yr"
"Marketing","Hasbro","$144,413/yr"
"Marketing","EnvisionRxOptions","$63,599/yr"
"Marketing","NetQoS","$62,880/yr"
"Marketing","Collette","$44,234/yr"
"Marketing","The Control Group Media Company","$77,835/yr"
"Marketing","Apollo Education Group","$121,645/yr"
"Marketing","Cars.com","$49,858/yr"
"Marketing - Hourly","HealthyPets","$19/hr"
"Marketing","Facebook","$94,523/yr"
"Marketing","Young Living Essential Oils","$89,569/yr"
"Marketing","Uber","$75,091/yr"
"Marketing","Nestlé USA","$97,473/yr"
"Marketing","All Risks","$48,712/yr"
"Marketing - Hourly Intern","Lactalis American Group","$14/hr"
"Marketing","Viator","$43,640/yr"
"Marketing - Hourly Intern","Esri","$17/hr"
"Marketing","Marketing Architects","$92,178/yr"
"Marketing","Sterilmed","$80,978/yr"
"Marketing - Hourly Intern","Ricoh","$15/hr"
"Marketing","Stampin' Up!","$52,427/yr"
"Marketing","Call Box","$38,043/yr"
"Marketing - Hourly Intern","Sage Environmental Consulting","$9/hr"
"Marketing - Monthly Intern","Frontier Marketing (MN)","$1,100/mo"
"Marketing - Hourly Intern","Cedar Point Amusement Park","$9/hr"
"Marketing - Hourly Intern","COUNTRY Financial","$15/hr"
"Marketing - Hourly Intern","PlayCore","$8/hr"
"Marketing","Hanesbrands","$115,459/yr"
"Marketing","Stumptown Coffee Corp","$54,246/yr"
"Marketing","Fortinet","$96,268/yr"
"Marketing - Hourly Intern","Foot Locker","$15/hr"
"Marketing","Medallia","$103,694/yr"
"Marketing","E2open","$102,129/yr"
"Marketing","TTI Floor Care North America Inc.","$82,241/yr"
"Marketing - Hourly Intern","Thomson Reuters","$17/hr"
"Marketing","MSCI","$129,490/yr"
"Marketing - Hourly Intern","Bimbo Bakeries","$18/hr"
"Marketing","Marqeta","$162,500/yr"
"Marketing","Payscape","$58,478/yr"
"Marketing","Apple","$63,511/yr"
"Marketing - Monthly Intern","Mattel","$7,041/mo"
"Marketing - Hourly Intern","QAD","$14/hr"
"Marketing","Plunkett Raysich Architects","$81,267/yr"
"Marketing","Travelers","$70,596/yr"
"Marketing","L'Oréal","$124,436/yr"
"Marketing - Hourly Intern","TribalVision","$11/hr"
"Marketing","Rodan + Fields","$76,876/yr"
"Marketing - Hourly Intern","Magoosh","$21/hr"
"Marketing","Motorola Solutions","$127,117/yr"
"Marketing","EAA","$58,416/yr"
"Marketing - Hourly Intern","Sikich","$12/hr"
"Marketing","Oracle","$94,290/yr"
"Marketing","The Hartford","$75,546/yr"
"Marketing","Grayson Carter","$34,879/yr"
"Marketing","Khoros","$50,293/yr"
"Marketing - Hourly Intern","Intralinks","$18/hr"
"Marketing","Total Quality Logistics","$49,080/yr"
"Marketing","The J. M. Smucker Company","$71,728/yr"
"Marketing - Hourly Intern","CARFAX","$16/hr"
"Marketing","Internet Brands","$43,590/yr"
"Marketing","Carousel Industries","$57,604/yr"
"Marketing","Compassion International","$96,668/yr"
"Marketing","Mike's Hard Lemonade","$94,811/yr"
"Marketing","Virgin Atlantic Airways","$52,357/yr"
"Marketing","PDI (NY)","$96,817/yr"
"Marketing","Chick-fil-A","$39,249/yr"
"Marketing","Deltek","$88,007/yr"
"Marketing - Hourly Intern","PCGCampbell","$12/hr"
"Marketing","ALOHA","$61,489/yr"
"Marketing","Tivity Health","$100,257/yr"
"Marketing","Caesars Entertainment","$90,125/yr"
"Marketing - Hourly Intern","APi Group","$12/hr"
"Marketing","Interactive Intelligence","$122,151/yr"
"Marketing","Digital Manga","$35,464/yr"
"Marketing - Hourly Intern","LSI","$25/hr"
"Marketing - Hourly Intern","HNTB","$16/hr"
"Marketing - Hourly Intern","Johnson & Johnson","$23/hr"
"Marketing","VF","$142,616/yr"
"Marketing","F5 Networks","$140,698/yr"
"Marketing - Hourly Intern","Celtic Commercial Finance","$13/hr"
"Marketing","Goliath Technologies","$47,803/yr"
"Marketing","Delta Vacations","$43,590/yr"
"Marketing","Niagara Bottling","$98,303/yr"
"Marketing","Georgia's Own Credit Union","$41,386/yr"
"Marketing","Morrison & Foerster","$66,199/yr"
"Marketing - Monthly","KOTRA","$3,429/mo"
"Marketing","AspenTech","$62,584/yr"
"Marketing - Hourly Intern","Meldon Law","$11/hr"
"Marketing","Dolby","$110,153/yr"
"Marketing - Hourly Intern","Ralph Lauren","$11/hr"
"Marketing","Planview","$78,473/yr"
"Marketing - Hourly Intern","Microsoft","$24/hr"
"Marketing - Hourly Intern","Logos Bible Software","$13/hr"
"Marketing","Capgemini","$55,394/yr"
"Marketing - Hourly Intern","Marcone Appliance Parts","$13/hr"
"Marketing","Glanbia Performance Nutrition","$113,373/yr"
"Marketing","FXCM","$53,363/yr"
"Marketing","BigMachines","$46,992/yr"
"Marketing","92nd Street Y","$61,770/yr"
"Marketing","Sotheby's International Realty","$82,700/yr"
"Marketing - Hourly Intern","H.D.Segur Insurance","$16/hr"
"Marketing","CUMULUS MEDIA","$39,500/yr"
"Marketing","icitizen","$106,517/yr"
"Marketing","SAS Institute","$122,190/yr"
"Marketing","Fluke Corporation","$126,980/yr"
"Marketing","Zazzle","$64,542/yr"
"Marketing - Hourly Intern","Centene","$18/hr"
"Marketing","En Pointe Technologies","$62,640/yr"
"Marketing","DISH","$52,508/yr"
"Marketing","Spectrum Brands","$121,309/yr"
"Marketing","SevOne","$97,813/yr"
"Marketing","The HON Company","$58,329/yr"
"Marketing - Hourly Intern","Belden","$19/hr"
"Marketing - Hourly Intern","The Broadway League","$9/hr"
"Marketing","SDL","$147,267/yr"
"Marketing","Vizient","$85,312/yr"
"Marketing","athenahealth","$68,185/yr"
"Marketing - Hourly Intern","Terex","$16/hr"
"Marketing","Glassdoor","$102,273/yr"
"Marketing - Monthly Intern","Hooked","$414/mo"
"Marketing - Hourly Intern","Madison Square Garden","$8/hr"
"Marketing - Hourly Intern","Exeter Finance","$16/hr"
"Marketing","J&R Music and Computer World","$67,599/yr"
"Marketing","Network Solutions","$111,209/yr"
"Marketing - Hourly Intern","Canon U.S.A.","$15/hr"
"Marketing","JoS. A. Bank","$40,451/yr"
"Marketing","Return Path","$68,568/yr"
"Marketing","W.L. Gore","$132,671/yr"
"Marketing - Hourly Intern","Golden State Warriors","$11/hr"
"Marketing - Hourly Intern","Mack Trucks","$18/hr"
"Marketing","AkitaBox","$48,287/yr"
"Marketing - Hourly Intern","Reliance Standard Life Insurance","$16/hr"
"Marketing","Moguldom Media Group","$37,637/yr"
"Marketing","JAKKS Pacific","$108,250/yr"
"Marketing","Lenovo","$69,899/yr"
"Marketing","The Seattle Times","$71,849/yr"
"Marketing - Hourly Intern","PULSE (Texas)","$16/hr"
"Marketing","Goal Zero","$47,179/yr"
"Marketing","Audible","$118,457/yr"
"Marketing - Hourly Intern","Axis Communications","$14/hr"
"Marketing","Boyd Gaming","$37,594/yr"
"Marketing","Valspar","$154,717/yr"
"Marketing - Hourly Intern","Phoenix Contact USA","$15/hr"
"Marketing","Empire Today","$82,801/yr"
"Marketing","Netsertive","$54,079/yr"
"Marketing - Hourly Intern","Complex","$10/hr"
"Marketing","A+E Networks","$69,359/yr"
"Marketing","GoodData","$67,575/yr"
"Marketing","ImagineSoftware","$63,429/yr"
"Marketing","NBBJ","$79,982/yr"
"Marketing","Talbots","$63,893/yr"
"Marketing","Grantham University","$50,567/yr"
"Marketing - Hourly Intern","PolyOne","$25/hr"
"Marketing - Hourly Intern","FIS","$14/hr"
"Marketing","Stewart Title","$68,025/yr"
"Marketing","Meditech","$61,452/yr"
"Marketing - Hourly Intern","Cigna","$22/hr"
"Marketing","ICON Health & Fitness","$42,489/yr"
"Marketing","Formlabs","$71,000/yr"
"Marketing","SANS Institute","$79,740/yr"
"Marketing - Hourly Intern","Robert Half","$15/hr"
"Marketing","Yelp","$52,459/yr"
"Marketing","Victaulic","$57,739/yr"
"Marketing","OneAmerica","$60,579/yr"
"Marketing","Outfront Media","$63,203/yr"
"Marketing","Aon","$60,323/yr"
"Marketing","Walgreens","$87,162/yr"
"Marketing","Logi Analytics","$118,959/yr"
"Marketing - Monthly Intern","Allstate","$1,776/mo"
"Marketing","Natus Medical","$78,012/yr"
"Marketing","eLearning Guild","$49,753/yr"
"Marketing","Cardinal Health","$67,143/yr"
"Marketing","Imperial Pacific International Holdings","$66,774/yr"
"Marketing","Community Bankers Association of GA","$32,902/yr"
"Marketing - Hourly Intern","StudentUniverse","$14/hr"
"Marketing","Western Digital","$86,919/yr"
"Marketing - Hourly Intern","Digitas","$11/hr"
"Marketing - Hourly Intern","DLR Group","$14/hr"
"Marketing","Bob's Discount Furniture","$61,362/yr"
"Marketing - Hourly Intern","Merlin Entertainments","$15/hr"
"Marketing - Hourly","JLG Industries","$18/hr"
"Marketing","Scrum Alliance","$68,076/yr"
"Marketing","ADInstruments","$54,934/yr"
"Marketing","Boston Consulting Group","$63,500/yr"
"Marketing - Contractor","UES","$27,071/yr"
"Marketing","Evergreene Companies","$35,734/yr"
"Marketing","Loras College","$37,673/yr"
"Marketing - Hourly Intern","Lumber Liquidators","$13/hr"
"Marketing","Kids Cowboy Dentistry","$71,676/yr"
"Marketing - Hourly Intern","Career Education","$27/hr"
"Marketing - Monthly","Microsoft","$3,193/mo"
"Marketing - Hourly Intern","Physio-Control","$20/hr"
"Marketing","TrainingPro","$64,590/yr"
"Marketing","Amphenol","$120,812/yr"
"Marketing - Monthly","Celsius Network","$4,500/mo"
"Marketing - Hourly","Reis-Nichols Jewelers","$22/hr"
"Marketing","FairPoint Communications","$101,608/yr"
"Marketing - Hourly","BeRanked","$13/hr"
"Marketing","Loove Labs","$80,643/yr"
"Marketing","FARO Technologies","$82,401/yr"
"Marketing","Medology","$61,460/yr"
"Marketing","Delta Companies","$93,522/yr"
"Marketing","Eclipse Advertising","$76,356/yr"
"Marketing","Applied Software Technology","$40,902/yr"
"Marketing","Seamless","$65,217/yr"
"Marketing","Castlight","$84,903/yr"
"Marketing - Monthly Intern","Showroom","$528/mo"
"Marketing - Hourly Intern","Grant Thornton","$16/hr"
"Marketing - Hourly Intern","Emery Sapp & Sons","$11/hr"
"Marketing","The Main Event (Virginia)","$49,353/yr"
"Marketing - Hourly","Kirkland's","$17/hr"
"Marketing","Border Media","$54,934/yr"
"Marketing","Mirrorball","$47,899/yr"
"Marketing","Florida Institute of Technology","$34,561/yr"
"Marketing","Elements Behavioral Health","$47,899/yr"
"Marketing - Hourly Intern","Madewell","$9/hr"
"Marketing","IND Consulting","$43,146/yr"
"Marketing - Hourly Intern","Chipotle","$15/hr"
"Marketing - Hourly Intern","Feldco Factory Direct","$11/hr"
"Marketing - Hourly Intern","Schreiber Foods","$14/hr"
"Marketing","Albert Kahn Associates","$44,726/yr"
"Marketing","SwimWays","$70,124/yr"
"Marketing","Idera Software","$60,094/yr"
"Marketing","ConnectEDU","$71,414/yr"
"Marketing","Karma","$159,194/yr"
"Marketing - Hourly Intern","Oshkosh Corporation","$17/hr"
"Marketing - Hourly Intern","Oceanstar","$11/hr"
"Marketing - Hourly Intern","Workscape","$15/hr"
"Marketing","SCVNGR","$59,307/yr"
"Marketing - Hourly Intern","Presperse","$15/hr"
"Marketing","Qubit","$106,260/yr"
"Marketing","Alliant Insurance Services","$109,989/yr"
"Marketing - Monthly Intern","March Joint Powers Authority","$425/mo"
"Marketing - Hourly Intern","National Oilwell Varco","$16/hr"
"Marketing","Signature Group","$59,127/yr"
"Marketing","Young Innovations","$51,788/yr"
"Marketing","Sanford Health","$63,079/yr"
"Marketing","Directed","$49,965/yr"
"Marketing","WorldVentures Holdings","$63,865/yr"
"Marketing","All Natural Medical Solutions of Florida","$53,259/yr"
"Marketing - Hourly Intern","Hyland","$13/hr"
"Marketing - Monthly Intern","HAGTAP","$314/mo"
"Marketing","Pegasus Sustainability Solutions","$47,129/yr"
"Marketing - Hourly Intern","Pepperdine University","$13/hr"
"Marketing - Hourly Intern","The Public Theater","$3/hr"
"Marketing - Hourly","Teq","$22/hr"
"Marketing","Luna's Mexican Restaurant","$38,701/yr"
"Marketing","Homepolish","$80,628/yr"
"Marketing","SPIRE Credit Union","$85,958/yr"
"Marketing - Hourly Intern","Bigelow Tea","$16/hr"
"Marketing","Girl Scouts USA","$29,420/yr"
"Marketing","General Mills","$87,942/yr"
"Marketing","Comex Group","$119,338/yr"
"Marketing - Hourly Intern","Bose","$18/hr"
"Marketing - Hourly Intern","Symantec","$24/hr"
"Marketing","Johnson, Mirmiran & Thompson","$60,284/yr"
"Marketing","Integrated Project Management Company","$65,921/yr"
"Marketing - Hourly Intern","Select World","$9/hr"
"Marketing","Clearwater Hospitality Group","$41,893/yr"
"Marketing - Hourly Intern","Nexteppe Business Solutions","$14/hr"
"Marketing","SK&A","$59,253/yr"
"Marketing - Monthly","Live.ly","$601/mo"
"Marketing - Hourly Intern","GSC Apartments","$13/hr"
"Marketing - Hourly Intern","Amazingmail","$12/hr"
"Marketing - Hourly Intern","Bright Horizons Family Solutions","$13/hr"
"Marketing","Allied Global Marketing","$59,518/yr"
"Marketing - Hourly Intern","Piryx","$22/hr"
"Marketing","W Hotels","$69,964/yr"
"Marketing","NCCER","$42,961/yr"
"Marketing","Bisnow","$65,921/yr"
"Marketing - Hourly Intern","Stack & Tilt Golf","$12/hr"
"Marketing - Monthly","Megaads","$5,493/mo"
"Marketing","Teledyne Technologies","$27,467/yr"
"Marketing - Monthly Intern","Newell Rubbermaid","$3,292/mo"
"Marketing - Hourly Intern","Cherwell Software","$11/hr"
"Marketing","Sudler Property Management","$53,818/yr"
"Marketing","HealthTap","$48,437/yr"
"Marketing - Hourly Intern","Nexersys","$13/hr"
"Marketing - Monthly Intern","UnitedHealth Group","$2,974/mo"
"Marketing - Hourly Intern","Waterstone Mortgage","$11/hr"
"Marketing","JES Publishing","$45,311/yr"
"Marketing","Corus360","$47,735/yr"
"Marketing","Livestream","$73,312/yr"
"Marketing","The LEGO Group","$70,623/yr"
"Marketing - Hourly Contractor","Centon","$16/hr"
"Marketing","Aspiration","$50,079/yr"
"Marketing","Brookfield Properties’ retail group","$99,266/yr"
"Marketing - Hourly","New York Mets Organization","$14/hr"
"Marketing","First Choice Health","$65,969/yr"
"Marketing","Infinisource","$34,522/yr"
"Marketing","MainStreet Advisors","$38,454/yr"
"Marketing","Staffing","$35,000/yr"
"Marketing","DHG","$65,562/yr"
"Marketing","FlightScope","$30,101/yr"
"Marketing - Hourly","Sherman Associates","$16/hr"
"Marketing","Blue Buffalo","$64,639/yr"
"Marketing","Dominion Enterprises","$35,650/yr"
"Marketing","Lafarge","$64,502/yr"
"Marketing","Bigfin.com","$41,893/yr"
"Marketing","Workiva","$87,200/yr"
"Marketing","Framework Communications","$60,868/yr"
"Marketing - Hourly Intern","Indianapolis Colts","$9/hr"
"Marketing - Hourly Intern","Temple Night Club","$17/hr"
"Marketing","Wausau Financial Systems","$53,752/yr"
"Marketing","Mocana","$141,637/yr"
"Marketing","Drone Racing League","$80,312/yr"
"Marketing","Allegiance","$93,387/yr"
"Marketing - Hourly Intern","WarnerMedia","$19/hr"
"Marketing","FTDI","$97,092/yr"
"Marketing - Hourly","Transdev","$13/hr"
"Marketing","Swanson Russell Associates","$52,276/yr"
"Marketing - Monthly","Kudu","$4,337/mo"
"Marketing","Core-Mark","$63,121/yr"
"Marketing","Dealer Tire","$83,785/yr"
"Marketing - Hourly","ServiceMaster","$13/hr"
"Marketing - Monthly","Clif Bar","$879/mo"
"Marketing","MicroStrategy","$62,429/yr"
"Marketing","HomeServe USA","$73,379/yr"
"Marketing - Hourly Intern","Bed Bath & Beyond","$12/hr"
"Marketing","MedTouch","$96,375/yr"
"Marketing - Hourly Intern","Check Point Software Technologies","$18/hr"
"Marketing","Focus Electronics Group","$109,256/yr"
"Marketing","World Council of Credit Unions, Inc","$53,221/yr"
"Marketing","OakBend Medical Center","$42,258/yr"
"Marketing - Hourly Intern","Mestek","$14/hr"
"Marketing - Hourly Intern","American Eagle Outfitters","$16/hr"
"Marketing - Hourly Intern","Gather","$14/hr"
"Marketing","Ellie Mae","$230,000/yr"
"Marketing","iCorps Technologies","$107,778/yr"
"Marketing","PatientsLikeMe","$76,118/yr"
"Marketing","Bottle Rocket","$80,177/yr"
"Marketing - Hourly Intern","Pivotal","$27/hr"
"Marketing - Hourly","A & M Judaica and Gifts","$18/hr"
"Marketing","RadiSys","$111,795/yr"
"Marketing - Hourly","Appliance Factory Outlet","$14/hr"
"Marketing","Okonite","$81,447/yr"
"Marketing","Southern Management (MD & VA)","$71,266/yr"
"Marketing - Monthly Intern","IW Group","$439/mo"
"Marketing - Hourly Intern","CFCU Community Credit Union","$13/hr"
"Marketing","Natural Markets Food Group","$59,127/yr"
"Marketing - Hourly Intern","Priority Door & Window Products","$16/hr"
"Marketing","DeAngelis Diamond Construction","$50,894/yr"
"Marketing - Hourly","Living Earth Television NFP","$8/hr"
"Marketing - Hourly Intern","Acorns","$11/hr"
"Marketing - Monthly Intern","GMR Marketing","$2,691/mo"
"Marketing - Hourly","Twitter","$27/hr"
"Marketing - Hourly Intern","VML","$13/hr"
"Marketing","Gonzaba Medical Group","$53,221/yr"
"Marketing - Monthly Intern","Zico Beverages","$2,157/mo"
"Marketing - Hourly Intern","Piaget","$13/hr"
"Marketing","Rio Grande","$48,540/yr"
"Marketing","Sarasota Memorial Hospital","$59,994/yr"
"Marketing","InVerve Marketing & Web","$30,542/yr"
"Marketing","Interlogic Outsourcing","$39,861/yr"
"Marketing - Hourly Intern","Sabadell United Bank","$16/hr"
"Marketing","WestStar Multimedia Entertainment","$54,232/yr"
"Marketing","Intex Recreation","$50,145/yr"
"Marketing","Sandoz International","$180,400/yr"
"Marketing - Hourly","Posiba","$81/hr"
"Marketing","SmartyPants Vitamins","$78,603/yr"
"Marketing","GamePlan","$47,899/yr"
"Marketing","Visit Eau Claire","$37,255/yr"
"Marketing","Employer Healthcare & Benefits Congress","$54,098/yr"
"Marketing - Hourly Intern","SPRY Publishing","$10/hr"
"Marketing - Hourly","Rocketmiles","$19/hr"
"Marketing","emarsys","$57,602/yr"
"Marketing","Curbell","$43,002/yr"
"Marketing","InternetFitness.com","$60,966/yr"
"Marketing - Hourly Intern","Prostate Cancer Foundation","$13/hr"
"Marketing","Alabama Media Group","$63,865/yr"
"Marketing","ASICS","$77,474/yr"
"Marketing - Contractor","Mavenlink","$62,404/yr"
"Marketing - Hourly Intern","American Red Cross","$12/hr"
"Marketing - Hourly Intern","Kinseth Hospitality Company","$12/hr"
"Marketing","BrickHouse Security","$76,907/yr"
"Marketing - Hourly Intern","CEDAR CX Technologies","$16/hr"
"Marketing","Harmonica Agency","$61,085/yr"
"Marketing","Elements Financial","$76,796/yr"
"Marketing","CentricsIT","$47,724/yr"
"Marketing - Monthly Intern","Coshx","$2,448/mo"
"Marketing - Hourly Intern","Clay's Park Resort","$11/hr"
"Marketing","Cigars International","$32,295/yr"
"Marketing","Mel Bay Publications","$52,881/yr"
"Marketing","XanGo","$65,921/yr"
"Marketing - Hourly","Welk Resort Group","$13/hr"
"Marketing","Smart Choice Communications","$40,579/yr"
"Marketing","Beazley Group","$95,808/yr"
"Marketing - Hourly Intern","Computype Inc","$18/hr"
"Marketing","Chemical Information Services","$64,502/yr"
"Marketing","Classy","$101,447/yr"
"Marketing - Hourly Intern","MasterBrand Cabinets","$13/hr"
"Marketing","Sunday Riley","$101,447/yr"
"Marketing","Guaranteed Rate","$36,862/yr"
"Marketing","US Restaurants","$30,138/yr"
"Marketing","OurPet's","$43,428/yr"
"Marketing - Hourly","Woodlands of College Station","$11/hr"
"Marketing","Bush Brothers & Company","$160,188/yr"
"Marketing","NavigationArts","$112,065/yr"
"Marketing","2RedBeans","$53,221/yr"
"Marketing","Zscaler","$164,737/yr"
"Marketing - Hourly Intern","Andis","$15/hr"
"Marketing","Anonymous Employee","$43,002/yr"
"Marketing","Adaptive Insights","$159,664/yr"
"Marketing","AnaJet","$92,568/yr"
"Marketing - Monthly","Aqua Care USA","$3,198/mo"
"Marketing","Walnut HIll School for the Arts","$34,062/yr"
"Marketing","International Association of Women","$53,818/yr"
"Marketing - Hourly","Tobi","$13/hr"
"Marketing","Diamond Comic","$30,138/yr"
"Marketing - Monthly Intern","Maesa","$1,560/mo"
"Marketing","Chromatic Technologies","$154,202/yr"
"Marketing","SteelHouse","$106,129/yr"
"Marketing","NICOR Lighting","$37,787/yr"
"Marketing - Hourly Intern","Hach Company","$14/hr"
"Marketing - Hourly Contractor","TekReliance","$32/hr"
"Marketing - Monthly","Smuggr","$1,615/mo"
"Marketing","Abila","$101,970/yr"
"Marketing","Unity Technologies","$82,173/yr"
"Marketing - Hourly Intern","Cleveland Clinic","$18/hr"
"Marketing","Borgata Hotel Casino & Spa","$49,440/yr"
"Marketing - Hourly","Parkside Mill","$22/hr"
"Marketing - Hourly","Pastini Pastaria","$26/hr"
"Marketing - Hourly Intern","For Marketing Matters","$11/hr"
"Marketing","Mariner Health Care","$64,502/yr"
"Marketing - Intern","Dell Technologies","$79,992/yr"
"Marketing","Key Tours","$37,758/yr"
"Marketing","CSG (Conservation Services Group)","$57,048/yr"
"Marketing","First Horizon","$55,902/yr"
"Marketing","TM Forum","$47,129/yr"
"Marketing","Nlyte Software","$215,298/yr"
"Marketing","INXPO","$48,456/yr"
"Marketing","alligatortek","$31,475/yr"
"Marketing - Monthly Intern","RoomZoom","$838/mo"
"Marketing - Contractor","Prospect Equities","$106,615/yr"
"Marketing","Kite Realty","$40,970/yr"
"Marketing - Hourly","Quest Nutrition","$11/hr"
"Marketing","Edwards Lifesciences","$46,998/yr"
"Marketing - Monthly Intern","David Monn","$364/mo"
"Marketing","Akamai","$167,879/yr"
"Marketing - Hourly","Local Initiative Support Corporation","$16/hr"
"Marketing - Hourly Intern","Murer Consultants","$11/hr"
"Marketing","Unity Hospice (WI)|Unity Hospice, DePere, WI","$38,000/yr"
"Marketing - Monthly Intern","Veracyte","$2,679/mo"
"Marketing - Monthly","Alliance Française","$700/mo"
"Marketing","TCG Network Services","$61,437/yr"
"Marketing","Carter Healthcare, Incorporated","$35,672/yr"
"Marketing - Hourly Contractor","Randstad US","$19/hr"
"Marketing - Hourly Intern","Children's Mercy Hospitals and Clinics","$11/hr"
"Marketing - Hourly Intern","Robert Bosch Tool Corporation","$23/hr"
"Marketing - Hourly","TOPKIDS","$16/hr"
"Marketing","Visiting Angels","$60,553/yr"
"Marketing - Hourly Intern","Advance Business Systems","$12/hr"
"Marketing","ParqEx","$29,607/yr"
"Marketing - Hourly","TIBCO Software","$23/hr"
"Marketing","It Works! Global","$65,000/yr"
"Marketing","Greco and Sons","$40,846/yr"
"Marketing","American Nurses Association","$61,277/yr"
"Marketing","Seaport Home Health and Hospice","$58,973/yr"
"Marketing","San Francisco Symphony","$59,200/yr"
"Marketing","Blarney Castle Oil and Propane","$89,205/yr"
"Marketing","Bonfils Blood Center","$53,818/yr"
"Marketing","CSC","$44,470/yr"
"Marketing","Sentry","$55,902/yr"
"Marketing","SOL REPUBLIC","$32,291/yr"
"Marketing","Surf Air","$50,872/yr"
"Marketing - Hourly Intern","Stanford University","$13/hr"
"Marketing","Fiserv","$46,171/yr"
"Marketing - Hourly Intern","MCC Theater","$12/hr"
"Marketing","Alfa Mutual","$42,577/yr"
"Marketing - Hourly","Live! Casino & Hotel","$11/hr"
"Marketing","Bonnier Corporation","$43,002/yr"
"Marketing","Brand KC","$53,825/yr"
"Marketing","Highmark Health","$43,471/yr"
"Marketing - Hourly Intern","Rapid7","$16/hr"
"Marketing - Hourly Intern","GyanSys","$16/hr"
"Marketing","Penn Foster, Inc","$58,443/yr"
"Marketing - Hourly Intern","Brookfield Properties","$27/hr"
"Marketing - Hourly Intern","Red Development","$11/hr"
"Marketing","Emerge","$64,882/yr"
"Marketing","Schaeffler Group","$55,902/yr"
"Marketing - Hourly Intern","Cochlear","$11/hr"
"Marketing","Screenlife","$50,308/yr"
"Marketing","ABIOMED","$191,731/yr"
"Marketing","Rent A Wheel","$52,003/yr"
"Marketing - Hourly Intern","Bancroft","$19/hr"
"Marketing","Paradise Valley Unified School District","$45,732/yr"
"Marketing - Hourly Intern","Toyota North America","$17/hr"
"Marketing - Hourly Intern","Los Angeles Clippers","$10/hr"
"Marketing","Sales Partnerships","$60,000/yr"
"Marketing","USA Tax and Insurance Services","$39,086/yr"
"Marketing","EagleView","$44,196/yr"
"Marketing","Lake Region Medical","$108,636/yr"
"Marketing","MIND MOVIES","$59,127/yr"
"Marketing","Volkswagen Group of America","$72,667/yr"
"Marketing","Carlson Wagonlit Travel","$53,752/yr"
"Marketing","JBS","$81,396/yr"
"Marketing - Hourly","Apache Station","$16/hr"
"Marketing - Hourly Intern","Ad Monkeys","$11/hr"
"Marketing","Canal Insurance","$79,832/yr"
"Marketing","Biscom","$53,259/yr"
"Marketing","Innovent Global","$30,277/yr"
"Marketing - Hourly Intern","Erbert & Gerbert's","$8/hr"
"Marketing - Hourly Intern","The Ready Store","$15/hr"
"Marketing - Monthly","Spartan Race","$10,987/mo"
"Marketing","Associated Colleges of the Midwest","$32,291/yr"
"Marketing - Hourly","Phillips Corporation","$16/hr"
"Marketing","Rocket Lawyer","$96,884/yr"
"Marketing","Levi Strauss","$172,219/yr"
"Marketing - Hourly Contractor","FedEx","$16/hr"
"Marketing","Motorcycle Superstore","$56,097/yr"
"Marketing - Hourly","Kent Precision Foods Group","$13/hr"
"Marketing","Five Star Bank","$72,758/yr"
"Marketing","Honeyville Grain","$79,832/yr"
"Marketing - Monthly","Cummins","$3,359/mo"
"Marketing - Hourly Intern","Elevate Credit","$27/hr"
"Marketing","Lourdes Health Network","$55,902/yr"
"Marketing","Phillips Edison & Company","$42,999/yr"
"Marketing - Hourly Intern","CLARCOR","$27/hr"
"Marketing","Juice Beauty","$43,152/yr"
"Marketing - Hourly Intern","NewStore","$16/hr"
"Marketing","DiVal Safety Equipment","$38,381/yr"
"Marketing - Hourly Intern","FCAM Bricklaying","$9/hr"
"Marketing","WhiteLine Creative","$69,878/yr"
"Marketing - Hourly Intern","Makino","$17/hr"
"Marketing - Hourly Intern","Georgia Tech","$11/hr"
"Marketing","Henry Schein Animal Health","$46,563/yr"
"Marketing","Phoenix LiDAR Systems","$61,081/yr"
"Marketing","HDR","$71,414/yr"
"Marketing","Ellation","$60,895/yr"
"Marketing - Hourly","Vibe Concepts","$9/hr"
"Marketing - Hourly Intern","DreamWorks Animation","$10/hr"
"Marketing","Frontier Imaging","$40,852/yr"
"Marketing - Contractor","CRC Health Group","$95,026/yr"
"Marketing","Avlon Industries","$45,080/yr"
"Marketing - Monthly Intern","Pratt & Whitney","$3,927/mo"
"Marketing - Hourly Intern","Ayers Saint Gross","$15/hr"
"Marketing","Centre For Neuro Skills","$101,808/yr"
"Marketing - Hourly Contractor","V&V Supremo Foods","$19/hr"
"Marketing","Penske Automotive Group","$53,752/yr"
"Marketing","Healthicity","$78,985/yr"
"Marketing","Quest Nutrition","$45,785/yr"
"Marketing","TJX Companies","$75,506/yr"
"Marketing - Hourly Intern","Horizon Hobby","$13/hr"
"Marketing","Sprocket Media","$63,865/yr"
"Marketing","Network Communications Inc","$28,414/yr"
"Marketing - Monthly Intern","Chicago Marketing","$1,677/mo"
"Marketing","Daily Press","$29,062/yr"
"Marketing - Hourly Intern","Nest","$33/hr"
"Marketing","CoreLogic","$89,103/yr"
"Marketing - Hourly Intern","American Council on Education","$19/hr"
"Marketing","Starkey Hearing Technologies","$51,934/yr"
"Marketing","Go New York Tours","$69,188/yr"
"Marketing - Hourly Intern","Spacenet","$12/hr"
"Marketing","Toyoda","$58,137/yr"
"Marketing","HD Supply","$66,869/yr"
"Marketing - Hourly Intern","Property Solutions International","$16/hr"
"Marketing","Wonton Food","$53,396/yr"
"Marketing","xperience communications","$69,236/yr"
"Marketing","Hibu","$50,746/yr"
"Marketing","Pantheon (Virginia)","$109,830/yr"
"Marketing","Kiddie Academy","$81,692/yr"
"Marketing - Contractor","Boeing","$56,319/yr"
"Marketing - Hourly Intern","Monster Energy","$13/hr"
"Marketing","Rider Levett Bucknall","$52,366/yr"
"Marketing","ABUV Media","$57,875/yr"
"Marketing","Chevron","$76,505/yr"
"Marketing - Monthly","U-Haul","$4,300/mo"
"Marketing - Hourly","The Airport Shop","$32/hr"
"Marketing","Molecular Probes","$137,766/yr"
"Marketing","iHeartMedia","$99,789/yr"
"Marketing","Nutrisystem","$134,546/yr"
"Marketing","Harvard Jolly","$53,662/yr"
"Marketing","Grovo","$75,057/yr"
"Marketing","Carolina Office Soltuion","$40,000/yr"
"Marketing - Hourly Intern","Adobe","$16/hr"
"Marketing - Hourly Intern","Gould Electric","$16/hr"
"Marketing","Focus products group","$120,854/yr"
"Marketing - Hourly","Focus Camera","$22/hr"
"Marketing","Symmetry Partners","$55,960/yr"
"Marketing","Journal Technologies","$52,863/yr"
"Marketing","Insurity","$70,124/yr"
"Marketing - Monthly Intern","VeryApt","$2,610/mo"
"Marketing","Sage Intacct","$173,350/yr"
"Marketing","FMC Technologies","$76,208/yr"
"Marketing - Hourly Intern","Hancock Software","$15/hr"
"Marketing - Hourly Intern","R&R Partners","$11/hr"
"Marketing","Youtech.","$45,692/yr"
"Marketing","Downtown Records","$53,818/yr"
"Marketing - Hourly Intern","SNL Financial","$13/hr"
"Marketing","Prep Sportswear","$43,600/yr"
"Marketing - Hourly","A.G. Russell Knives","$15/hr"
"Marketing - Hourly Intern","Camso","$11/hr"
"Marketing","GEP","$154,985/yr"
"Marketing","TAVHealth","$57,704/yr"
"Marketing - Hourly Intern","The Ken Blanchard Companies","$13/hr"
"Marketing","Montroy Sign & Graphic Products","$36,370/yr"
"Marketing","Einstein Bros. Bagels","$71,316/yr"
"Marketing","HelpSystems","$46,227/yr"
"Marketing","Intrust Bank arena","$39,153/yr"
"Marketing - Hourly Intern","Cartier","$9/hr"
"Marketing","NComputing USA","$56,828/yr"
"Marketing - Hourly Intern","Business Builders Marketing","$11/hr"
"Marketing - Hourly Intern","Independence Blue Cross","$18/hr"
"Marketing","USA Vein Clinics","$52,003/yr"
"Marketing","PLS Logistics Services","$48,518/yr"
"Marketing - Hourly Intern","ParentSquare","$16/hr"
"Marketing - Hourly","West Marine","$11/hr"
"Marketing","Beacon Press","$32,251/yr"
"Marketing","Smoothie King","$25,967/yr"
"Marketing","Milner Group","$38,701/yr"
"Marketing","NY SEFCU","$53,455/yr"
"Marketing - Monthly","TriAlpha Marketing Group","$3,683/mo"
"Marketing - Hourly Intern","[24]7.ai","$16/hr"
"Marketing","Astral Health & Beauty","$45,176/yr"
"Marketing","Clearview Home Energy Solution","$34,622/yr"
"Marketing","National Restaurant Association","$79,105/yr"
"Marketing - Hourly Intern","Pennsylvania State Employees Credit Union","$11/hr"
"Marketing - Hourly","Atterro, Inc.","$12/hr"
"Marketing","Every*","$50,000/yr"
"Marketing - Hourly Intern","Frontier Promotions","$9/hr"
"Marketing - Monthly Intern","KISI","$958/mo"
"Marketing","Autel Robotics","$94,782/yr"
"Marketing - Hourly","The Center for Client Retention","$11/hr"
"Marketing - Hourly Intern","Ghirardelli Chocolate","$19/hr"
"Marketing","Workmen's Auto Insurance","$68,332/yr"
"Marketing - Hourly","Abrazo Community Health Network","$22/hr"
"Marketing","West Marine","$63,678/yr"
"Marketing","Silicon Valley Community Foundation","$53,418/yr"
"Marketing - Hourly Intern","Regional Trophy Company","$8/hr"
"Marketing","Dalian Hi-Think Computer Technology","$67,077/yr"
"Marketing - Hourly","Pioneer Events and Marketing","$9/hr"
"Marketing - Hourly Intern","Bling Jewelry","$16/hr"
"Marketing - Monthly","Procter & Gamble","$4,844/mo"
"Marketing","NCSA Next College Student Athlete","$50,000/yr"
"Marketing","Integrated DNA Technologies","$44,098/yr"
"Marketing","Lancer Hospitality","$35,609/yr"
"Marketing","Gardens Alive","$33,982/yr"
"Marketing","Athletico","$55,898/yr"
"Marketing","Illinois State","$31,303/yr"
"Marketing - Hourly Intern","University of Pennsylvania Press","$10/hr"
"Marketing - Hourly","Blue Cross Blue Shield of Michigan","$17/hr"
"Marketing - Hourly Intern","National Health Care Provider Solutions","$11/hr"
"Marketing - Hourly Intern","FreshDirect","$13/hr"
"Marketing","iVelocity Marketing","$37,000/yr"
"Marketing","Cardrunners LLC.","$60,752/yr"
"Marketing - Monthly","Shell","$715/mo"
"Marketing","ELEMIS","$41,893/yr"
"Marketing","The Kotter Group","$34,501/yr"
"Marketing - Contractor","Oscar Health","$91,573/yr"
"Marketing - Hourly","MKTG","$27/hr"
"Marketing","Thin Film Electronics","$159,664/yr"
"Marketing","Colle McVoy","$59,844/yr"
"Marketing","Intero Real Estate Services","$69,188/yr"
"Marketing - Hourly Intern","Progressive Medical (ohio)","$10/hr"
"Marketing - Hourly Intern","VQ OrthoCare","$13/hr"
"Marketing - Hourly Intern","DPI Specialty Foods","$21/hr"
"Marketing - Hourly Intern","Webb Consulting","$12/hr"
"Marketing","Mary Washington Healthcare","$53,307/yr"
"Marketing","The Big Easy Casino","$33,367/yr"
"Marketing - Hourly Intern","Daimler Trucks North America","$20/hr"
"Marketing","Louis Vuitton","$47,899/yr"
"Marketing","Westshore Financial Group","$20,031/yr"
"Marketing","Delta Enterprises","$54,934/yr"
"Marketing","Cloudian","$211,288/yr"
"Marketing","GiGi's Playhouse","$85,779/yr"
"Marketing - Hourly","High Winds Casino","$12/hr"
"Marketing - Hourly Intern","Adeptus Health","$16/hr"
"Marketing","Events.com","$69,997/yr"
"Marketing","FNA Group","$37,738/yr"
"Marketing - Hourly Intern","Thrivent","$17/hr"
"Marketing","Healthy Living Market","$42,091/yr"
"Marketing","Stitch Fix","$92,686/yr"
"Marketing","Ave Maria University","$41,603/yr"
"Marketing","Edge of Reality","$98,881/yr"
"Marketing","Gordon Marketing","$104,004/yr"
"Marketing - Hourly","Rogue Ales","$13/hr"
"Marketing - Hourly Intern","University of Michigan","$12/hr"
"Marketing","Volunteers of America","$35,774/yr"
"Marketing","Brighter","$66,478/yr"
"Marketing - Hourly Intern","Penguin Random House","$11/hr"
"Marketing - Hourly Intern","Wick Marketing","$16/hr"
"Marketing","Avis Budget Group","$75,253/yr"
"Marketing - Hourly","HCR ManorCare","$21/hr"
"Marketing","Digital First Media","$41,683/yr"
"Marketing","SBA Communications","$212,885/yr"
"Marketing - Hourly Intern","The Columbus Crew","$9/hr"
"Marketing","Fundera","$63,386/yr"
"Marketing","Renovate America","$170,831/yr"
"Marketing","Lafayette Surgical Specialty Hospital","$78,368/yr"
"Marketing - Monthly Intern","Three Rivers Whitewater","$639/mo"
"Marketing","Snailz","$35,000/yr"
"Marketing - Monthly Intern","Moda Operandi","$628/mo"
"Marketing - Monthly","A&S Signature Journeys","$1,257/mo"
"Marketing","Appian","$86,470/yr"
"Marketing - Monthly","Houston Complete","$1,703/mo"
"Marketing - Hourly Intern","Atlas Copco","$13/hr"
"Marketing","Trendnet","$61,723/yr"
"Marketing","Abrams Fensterman","$95,516/yr"
"Marketing","Blank Space Branding","$52,366/yr"
"Marketing","SourceMedia","$71,341/yr"
"Marketing","LSU","$44,644/yr"
"Marketing - Hourly","Air Choice One","$14/hr"
"Marketing","Information Mapping","$64,502/yr"
"Marketing - Hourly Intern","Vacasa","$14/hr"
"Marketing - Hourly Intern","Jackson Healthcare","$15/hr"
"Marketing","Inflexxion","$72,667/yr"
"Marketing","Shedd Aquarium","$37,738/yr"
"Marketing","Kynect","$97,927/yr"
"Marketing - Hourly","Excel(KS)","$10/hr"
"Marketing - Hourly","Fletcher Jones","$13/hr"
"Marketing","TSYS Merchant Solutions","$91,698/yr"
"Marketing - Hourly Intern","Mayo Clinic","$10/hr"
"Marketing - Hourly Intern","cielo24","$13/hr"
"Marketing","Hydrofarm","$56,926/yr"
"Marketing - Hourly","Pearson","$15/hr"
"Marketing","Sedona Pines Resort","$86,110/yr"
"Marketing","Au Bon Pain","$49,647/yr"
"Marketing","Environmental Data Resources","$90,394/yr"
"Marketing - Hourly","Southpace Properties","$15/hr"
"Marketing","Houlihan's","$72,667/yr"
"Marketing - Hourly","Professional's Choice","$23/hr"
"Marketing - Hourly Intern","Parscale Digital","$12/hr"
"Marketing","CARE (USA)","$52,656/yr"
"Marketing","BNP Paribas","$137,335/yr"
"Marketing","Willamette Dental Group","$35,806/yr"
"Marketing - Monthly Intern","The Bright Light Group","$2,042/mo"
"Marketing","Gragg Advertising","$44,998/yr"
"Marketing - Hourly Intern","Brooklyn Brew Shop","$11/hr"
"Marketing","Electro Rent","$60,799/yr"
"Marketing","Channing Bete","$43,826/yr"
"Marketing - Hourly Intern","AdventHealth Daytona Beach","$14/hr"
"Marketing","MARKETPLACE HOME MORTGAGE","$41,893/yr"
"Marketing","Discovery Life Sciences","$41,996/yr"
"Marketing","Sopheon","$44,562/yr"
"Marketing","Tata Consultancy Services (North America)","$145,553/yr"
"Marketing","IDX Broker","$50,527/yr"
"Marketing","Connect","$45,746/yr"
"Marketing","Clockwork Concepts","$50,195/yr"
"Marketing - Hourly Intern","Logitech","$19/hr"
"Marketing - Monthly","TriStar","$2,036/mo"
"Marketing - Hourly Intern","University of Nebraska–Lincoln","$11/hr"
"Marketing","Kuma Games","$48,377/yr"
"Marketing","ServiceMaster Restore","$35,000/yr"
"Marketing","American Golf","$57,699/yr"
"Marketing - Hourly","etrailer","$19/hr"
"Marketing - Hourly Intern","Harley-Davidson, Inc.","$17/hr"
"Marketing - Hourly Intern","University of Missouri","$11/hr"
"Marketing","Konica Minolta","$43,189/yr"
"Marketing","Idealliance","$73,383/yr"
"Marketing","CareTen","$65,000/yr"
"Marketing - Hourly Intern","Tommy Hilfiger","$20/hr"
"Marketing - Hourly Intern","Insurance Office of America","$10/hr"
"Marketing - Hourly Intern","Red Bull Media House","$11/hr"
"Marketing","Sonos","$155,003/yr"
"Marketing - Hourly Intern","Windermere Real Estate","$16/hr"
"Marketing - Monthly","Patchi","$2,588/mo"
"Marketing","Busch's","$35,240/yr"
"Marketing","Pepperdata","$128,996/yr"
"Marketing","Corvisa","$54,232/yr"
"Marketing","Money Management Institute","$71,386/yr"
"Marketing","Kindred at Home","$69,236/yr"
"Marketing - Hourly","KOTRA","$17/hr"
"Marketing","Essilor","$54,901/yr"
"Marketing - Hourly Intern","National Grid USA","$18/hr"
"Marketing","J.P. Morgan Asset Management","$81,323/yr"
"Marketing - Hourly","Monster Energy","$18/hr"
"Marketing","Conductor","$77,296/yr"
"Marketing - Hourly Intern","University of New Mexico","$10/hr"
"Marketing - Hourly Intern","HBO","$16/hr"
"Marketing - Hourly Intern","Community Reinvestment Fund","$12/hr"
"Marketing - Hourly Intern","Arbella Insurance","$13/hr"
"Marketing","ALIVE Magazine","$38,749/yr"
"Marketing - Hourly Intern","Brinker Capital","$11/hr"
"Marketing","Guitar Center","$64,532/yr"
"Marketing","Office Sign Company","$41,603/yr"
"Marketing","UCI Holdings","$82,390/yr"
"Marketing","EVERFI","$55,756/yr"
"Marketing - Monthly Intern","Prince of Peace Enterprises","$2,129/mo"
"Marketing - Hourly Intern","Sterne Kessler Goldstein and Fox PLLC","$13/hr"
"Marketing","Protective Life","$55,432/yr"
"Marketing - Hourly Intern","Prime Technologies","$13/hr"
"Marketing","Interlake Mecalux","$34,097/yr"
"Marketing","EXUSMED","$64,928/yr"
"Marketing","Health Coach Institute","$120,000/yr"
"Marketing","RightScale","$108,094/yr"
"Marketing","Telecommunications Industry Association","$48,437/yr"
"Marketing","Kids2","$75,354/yr"
"Marketing","Thompson Hospitality","$71,252/yr"
"Marketing","Houston Texas Consulting","$50,698/yr"
"Marketing - Hourly Intern","PureCars","$16/hr"
"Marketing - Hourly Intern","Cooptions Shopper Marketing","$14/hr"
"Marketing - Monthly","Fellowes Brands","$9,650/mo"
"Marketing","Anchor Wall Systems","$76,328/yr"
"Marketing","Zomato","$48,442/yr"
"Marketing","Bona","$43,055/yr"
"Marketing - Hourly Intern","Navy Federal Credit Union","$14/hr"
"Marketing - Hourly Intern","Century 21 Stores","$11/hr"
"Marketing","Cadient Group","$94,011/yr"
"Marketing","Aspire Staffing Group","$35,066/yr"
"Marketing - Hourly Intern","Mount Mercy University","$9/hr"
"Marketing","The Orchard","$60,091/yr"
"Marketing","The McKittrick Hotel","$43,987/yr"
"Marketing - Hourly Intern","K. Hovnanian Homes","$14/hr"
"Marketing - Contractor","Museum Hack","$52,940/yr"
"Marketing - Hourly Intern","Benvenue Medical","$17/hr"
"Marketing - Hourly","Moss Motors","$23/hr"
"Marketing","AliMed","$45,152/yr"
"Marketing - Hourly Intern","WHA","$12/hr"
"Marketing - Hourly Intern","New York Business Development Corporation","$13/hr"
"Marketing","EXOS","$44,205/yr"
"Marketing - Hourly Contractor","PlayStation","$24/hr"
"Marketing","Nickelodeon","$72,475/yr"
"Marketing - Hourly Intern","Boston Centerless","$13/hr"
"Marketing","Echo","$53,462/yr"
"Marketing","FX Promotions","$41,121/yr"
"Marketing","P1 Group","$47,842/yr"
"Marketing - Hourly Intern","Flex","$18/hr"
"Marketing","BitTorrent","$161,474/yr"
"Marketing","BlueStacks","$63,756/yr"
"Marketing","Dynacast","$48,540/yr"
"Marketing - Hourly Intern","New Era Cap","$11/hr"
"Marketing","Appalachian Underwriters","$48,377/yr"
"Marketing","FusionZone Automotive","$50,089/yr"
"Marketing","EnerBank","$95,679/yr"
"Marketing - Contractor","MECLABS","$20,946/yr"
"Marketing - Hourly Intern","Newegg","$17/hr"
"Marketing","United Stationers","$114,031/yr"
"Marketing","Front Gate Tickets","$34,497/yr"
"Marketing - Hourly Intern","The RealReal","$16/hr"
"Marketing","DST Systems","$103,501/yr"
"Marketing","Revant Optics","$53,866/yr"
"Marketing","AgroFresh","$68,076/yr"
"Marketing - Hourly","NewYorkDress.com","$13/hr"
"Marketing - Hourly Intern","NARS Cosmetics","$11/hr"
"Marketing - Monthly","Acteva","$5,525/mo"
"Marketing - Hourly Intern","Zynga","$22/hr"
"Marketing - Hourly Intern","Proximo Spirits","$16/hr"
"Marketing","Crayola","$142,434/yr"
"Marketing","North Coast Medical","$43,146/yr"
"Marketing","PandoLogic","$57,204/yr"
"Marketing","Pinnacle Computer Services","$52,033/yr"
"Marketing","Namaste Home Health and Hospice","$85,784/yr"
"Marketing","Apptricity","$107,637/yr"
"Marketing - Hourly Intern","Drake University","$10/hr"
"Marketing","Walt Disney Company","$159,922/yr"
"Marketing","NYRP","$53,131/yr"
"Marketing","Delta Community Credit Union","$80,899/yr"
"Marketing","Grand Casino Mille Lacs and Hinckley","$43,153/yr"
"Marketing - Hourly Contractor","Automotive Marketing Consultants Inc","$24/hr"
"Marketing","Shipwire","$48,540/yr"
"Marketing - Monthly","Harmony Plus","$4,037/mo"
"Marketing","Marcolin","$82,401/yr"
"Marketing - Hourly","ti&m","$16/hr"
"Marketing","Replacement Parts","$71,221/yr"
"Marketing","Co-Optim","$41,603/yr"
"Marketing","Interface","$47,899/yr"
"Marketing","PureWave Networks","$43,428/yr"
"Marketing - Monthly Intern","Visit Florida","$532/mo"
"Marketing - Hourly Intern","RadiusOnline","$11/hr"
"Marketing - Hourly","Planned Property Management","$11/hr"
"Marketing","Portent","$59,123/yr"
"Marketing - Hourly Intern","GridWell","$11/hr"
"Marketing","Nalco Water","$105,260/yr"
"Marketing - Monthly Intern","Thomson Reuters","$3,235/mo"
"Marketing","eVisit","$74,291/yr"
"Marketing","Mercy Health System","$41,456/yr"
"Marketing","Mailchimp","$65,102/yr"
"Marketing","Engage3","$39,776/yr"
"Marketing","ICU Medical","$91,491/yr"
"Marketing - Hourly Intern","Korn Ferry","$23/hr"
"Marketing - Hourly Intern","Food Dudes Delivery","$11/hr"
"Marketing - Hourly Intern","Bates Communications","$11/hr"
"Marketing","Suzanne Evans Coaching","$42,577/yr"
"Marketing - Hourly Intern","Zipcar","$18/hr"
"Marketing - Hourly Intern","Psychological Assessment Resources","$19/hr"
"Marketing","Myriad Genetics","$49,440/yr"
"Marketing","Brightwing","$34,173/yr"
"Marketing - Hourly Intern","Cutco","$11/hr"
"Marketing","STAAR Surgical","$43,939/yr"
"Marketing - Hourly Intern","Keno Kozie Associates","$14/hr"
"Marketing","Cornerstone Hospice (Arizona)","$61,487/yr"
"Marketing","Emcien","$71,414/yr"
"Marketing - Hourly Intern","Mighty Kicks","$11/hr"
"Marketing - Hourly Intern","Merrill Lynch","$9/hr"
"Marketing - Hourly Intern","ExactTarget Marketing Cloud","$22/hr"
"Marketing","RelayHealth","$107,224/yr"
"Marketing - Hourly","Verimatrix","$15/hr"
"Marketing","Sportsdigita","$62,572/yr"
"Marketing - Hourly","Noble Gas Solutions","$11/hr"
"Marketing - Hourly Intern","Briggs & Stratton","$16/hr"
"Marketing","LaSalle Network","$50,395/yr"
"Marketing","Hendrix College","$52,881/yr"
"Marketing - Hourly Intern","BeachMint","$11/hr"
"Marketing - Hourly","Tuff Shed","$21/hr"
"Marketing - Hourly Intern","GoldenSource Corporation","$16/hr"
"Marketing - Hourly Intern","84 Lumber","$9/hr"
"Marketing","Spokeo","$86,571/yr"
"Marketing - Hourly Intern","Caine & Weiner Company, Inc","$11/hr"
"Marketing","Precoa","$53,043/yr"
"Marketing - Hourly Intern","University of Chicago","$16/hr"
"Marketing","T&A Supply Conmpany","$100,000/yr"
"Marketing - Contractor","PetSmart","$53,818/yr"
"Marketing - Hourly Intern","Vertex Pharmaceuticals","$38/hr"
"Marketing","Medicus Healthcare Solutions","$39,998/yr"
"Marketing - Hourly Intern","RBC Bearings","$20/hr"
"Marketing","Silencerco","$59,127/yr"
"Marketing - Hourly Intern","Concept Farm","$5/hr"
"Marketing","Stuller","$37,869/yr"
"Marketing - Monthly","New York Dental Clinic","$4,493/mo"
"Marketing","Apex Energetics, Inc.","$37,626/yr"
"Marketing","Viva Optique","$64,582/yr"
"Marketing - Monthly Intern","Anyone Collective","$532/mo"
"Marketing - Hourly Intern","Safety-Kleen","$17/hr"
"Marketing - Monthly Intern","Instart","$3,225/mo"
"Marketing","Euro Motorcars","$36,401/yr"
"Marketing","Axway","$59,334/yr"
"Marketing","NACHC","$64,273/yr"
"Marketing","Name.com","$44,718/yr"
"Marketing","ServiceMax","$125,000/yr"
"Marketing - Hourly Contractor","Self Employed","$25/hr"
"Marketing","University of Tennessee","$32,529/yr"
"Marketing - Hourly Intern","Agilent Technologies","$28/hr"
"Marketing - Hourly","Bose","$18/hr"
"Marketing - Monthly Intern","Lime Light Management","$407/mo"
"Marketing - Hourly","Dormer Pramet","$23/hr"
"Marketing","Coffman Engineers","$51,598/yr"
"Marketing","Cloudflare","$217,353/yr"
"Marketing","SolidWorks","$64,450/yr"
"Marketing - Hourly Intern","Imprivata","$17/hr"
"Marketing","FreedomPop","$64,690/yr"
"Marketing","Living Water International","$40,448/yr"
"Marketing","Running Aces","$85,000/yr"
"Marketing - Hourly Intern","Sprinklr","$13/hr"
"Marketing","Papyrus-Recycled Greetings","$45,273/yr"
"Marketing","SKLZ","$92,166/yr"
"Marketing","W.H.H. Trice &Co","$47,687/yr"
"Marketing","Pepper Construction","$47,646/yr"
"Marketing","Home of the Innocents","$33,864/yr"
"Marketing - Hourly Intern","Scholastic","$13/hr"
"Marketing","Barrett-Jackson Auction","$75,737/yr"
"Marketing","Northern Architectural Systems","$43,947/yr"
"Marketing","Hollister Incorporated","$82,801/yr"
"Marketing","Rock and Roll Hall of Fame","$49,452/yr"
"Marketing","EmblemHealth","$140,000/yr"
"Marketing - Hourly Intern","Direct Energy Marketing Limited","$27/hr"
"Marketing","Guidance Software","$114,068/yr"
"Marketing","Conga","$83,964/yr"
"Marketing","LifeNet Health","$146,890/yr"
"Marketing","Palmer Trucks","$42,505/yr"
"Marketing","SevenRooms","$75,253/yr"
"Marketing","Flowserve","$75,354/yr"
"Marketing - Hourly Intern","SpotHero","$13/hr"
"Marketing","Bluewolf","$104,804/yr"
"Marketing","NYSE","$62,510/yr"
"Marketing - Hourly Intern","Attivio","$22/hr"
"Marketing","Esurance","$83,957/yr"
"Marketing - Hourly","Zurich North America","$16/hr"
"Marketing","Genworth","$54,047/yr"
"Marketing","Monsanto Company","$134,380/yr"
"Marketing","Environmental Dynamics","$63,865/yr"
"Marketing","Macupdate","$81,348/yr"
"Marketing","MomentFeed","$65,981/yr"
"Marketing - Hourly Intern","Arizona Daily Star","$8/hr"
