"Company","Rating","Title","Location","Salary"
"The Kirlin Group","3.8","Intern","Tripler Army Medical Center, HI",
"Benefis Health System","4.0","Rehab Nurse Intern (CNA Required)","Great Falls, MT",
"Independent Group Home Living","3.5","Human Resource Intern","East Moriches, NY",
"Franke : Franke, Inc.",,"Intern Architect","Austin, TX","$41k-$58k"
"Thornburg Investment Management","3.5","Intern - Equity Group","Santa Fe, NM",
"Chapman and Cutler LLP","3.6","Accounting and Finance Intern","Chicago, IL",
"INFINITI HR",,"Marketing & Sales Intern","Scottsdale, AZ",
"Bristlecone","3.5","Interns","San Jose, CA",
"CAS","2.9","Technology Intern","Columbus, OH",
"Virginia Mason Memorial","2.9","Pharmacy Intern","Yakima, WA",
"PACCAR Technical Center","3.3","Engineering Intern: OBD Calibration","Mount Vernon, WA",
"Lincoln Industries","3.7","Integration Engineering Intern","Lincoln, NE",
"Gerou & Associates",,"Intern Architect","Evergreen, CO",
"CAS","2.9","IT Service Desk Intern","Columbus, OH",
"Sandhills Global","2.7","Software Development Intern","Lincoln, NE",
"SK hynix America","3.5","Software Engineer - Intern","San Jose, CA",
"SCL Health","3.4","Pharmacy Intern","Wheat Ridge, CO",
"Buckeye Power Sales","4.0","Ohio Technical College Internship","Twinsburg, OH",
"Northern Natural Gas","2.3","Intern - Java Developer","Omaha, NE",
"ELLISON TECHNOLOGIES, INC.","4.0","Part Time Service Admin / Intern","Santa Fe Springs, Los Angeles, CA",
"Friedman LLP","3.6","Intern - Fall Season","Marlton, NJ",
"InfoSync","3.4","HRO Intern","Wichita, KS",
"Caltrol","2.9","Future Internships","Arizona",
"Aldridge Electric","4.2","IT Intern","Libertyville, IL",
"Otter Tail Power","4.3","Engineer Intern, Coyote Station","Beulah, ND",
"A.T. Kearney","4.3","2019 – Marketing Intern","Chicago, IL",
"Radisson Hotel Group","2.8","Internship Summer 2020 - Hospitality Management","Minneapolis, MN",
"West Bend Mutual Insurance Co.","3.4","IT Intern","Madison, WI",
"Fabcon","2.7","Winter-Spring Engineering Internship","Savage, MN",
"Idaho Central Credit Union","4.2","IT Security Intern","Chubbuck, ID",
"Unifrax","3.3","Intern - Process and Support","Sebring, OH",
"GLY Construction","4.2","Project Engineer Intern","Bellevue, WA",
"BAZZAAL",,"Marketing Intern","Fort Lee, NJ",
"APEX Analytix","4.1",".NET Application Developer Intern","Greensboro, NC",
"American Student Assistance","3.6","Postsecondary Access (PA) Intern","Boston, MA",
"Adobe","4.1","Site Reliability Engineer Intern - Cloud Technology Organization","San Jose, CA",
"Welltower","2.5","Summer Intern - Investments","Toledo, OH",
"Bohemia Interactive Simulations","4.3","GIS Intern","Pittsburgh, PA",
"GreenStone Farm Credit Services","4.8","Service Desk Intern","East Lansing, MI",
"Brighton Jones LLC","4.9","Summer Intern","Seattle, WA",
"A.T. Kearney","4.3","2019 - Paid Media & SEM Intern","Chicago, IL",
"Big Leap","4.5","Digital Marketing Intern","Lehi, UT",
"Infutor Data Solutions","4.7","Operations Intern (Unpaid) - Fall","Oakbrook Terrace, IL",
"Cortica","4.0","IT Intern","San Diego, CA",
"Disruptive Advertising","4.6","Marketing Internship","Lindon, UT",
"John V. Schultz Furniture","3.0","Marketing Intern","Erie, PA",
"Ralph L. Wadsworth Construction","3.6","Safety Internship, Construction","Salt Lake City, UT",
"Bohemia Interactive Simulations","4.3","Software Engineer - Internship","Pittsburgh, PA",
"Carpenter Technology Corporation","2.6","Commercial Quality Assurance Intern","Reading, PA",
"Audible","3.5","Software Development Engineer - Internship","Newark, NJ",
"Bolton and Menk Inc.","3.9","Survey Intern - Summer","Ames, IA",
"The Keri Shull Team","4.7","Internship","Arlington, VA",
"Arbella Insurance","3.4","IT Intern Business Analyst I","Quincy, MA",
"Brittain Resorts & Hotels","3.3","Paid Internship- Heart of the House","Myrtle Beach, SC",
"Keiter","4.3","Summer Intern 2020","Glen Allen, VA",
"Tenstreet","4.4","Tenstreet Internship | Summer 2020","Tulsa, OK",
"CIRCOR International","2.6","Engineering Intern","Corona, CA",
"Citizens Bank","3.4","Data Scientist Intern","Johnston, RI",
"Lambert & Co.","3.0","Public Relations Intern","Detroit, MI",
"Desert Choice Schools","5.0","SPED Teacher Intern- Buckeye 2019","Buckeye, AZ",
"Elite Solar Concepts","4.4","Digital Marketing Intern","Scottsdale, AZ",
"TechSmith Corporation","4.1","Software Engineering Intern","Okemos, MI",
"U.S. Cellular","3.4","2020 IT Summer Internship Technology Operations","Madison, WI",
"Artisan Healthcare Consulting","5.0","Summer Intern","Waltham, MA",
"Newsday LLC","2.9","Social Media Video Intern","Melville, NY",
"Welltower","2.5","Summer Intern - Portfolio Management & Business Insights","Toledo, OH",
"GuideOne Insurance","3.3","Actuarial Internship","West Des Moines, IA",
"Neenah Foundry","2.9","Internship - Summer 2020 - Quality Assurance","Neenah, WI",
"The Casino Inn Bar & Grill",,"Intern Marketing","Alpine, CA",
"Liturgical Publications","3.6","Software Development Intern","New Berlin, WI",
"U.S. Cellular","3.4","2020 IT Summer Internship IS Solutions","Chicago, IL",
"Neenah Foundry","2.9","Internship - Summer 2020 - Human Resources","Neenah, WI",
"Carpenter Technology Corporation","2.6","IT System Patching and Upgrade Analyst Intern","Reading, PA",
"Otter Tail Power","4.3","Electrical Engineer Intern","Morris, MN",
"Systems & Technology Research","4.6","Summer Internship","Woburn, MA",
"Interdesign","3.0","2020 Summer Intern","Solon, OH",
"Arbella Insurance","3.4","IT Intern Developer I","Quincy, MA",
"GreenStone Farm Credit Services","4.8","Credit Intern","Little Chute, WI",
"Keiter","4.3","VFS Summer Intern","Glen Allen, VA",
"Health Catalyst","4.5","Bioinformatics Intern","Cambridge, MA",
"Ashley Addiction Treatment","4.2","Volunteer / Intern","Havre de Grace, MD",
"Jackson EMC","2.5","Internship: Engineering","Jefferson, GA",
"Memorial Health System","3.9","Student Nurse Intern, Passavant Area Hospital","Jacksonville, IL",
"FM Global","3.2","GIS Intern","Johnston, RI",
"Lindt & Sprüngli","3.6","Brand Marketing Internship (MBA) - Spring/Summer","Stratham, NH",
"Heritage Community of Kalamazoo","4.3","HR Internship - Unpaid","Kalamazoo, MI",
"Sandhills Global","2.7","Marketing Intern","Lincoln, NE",
"Clark Schaefer Hackett","4.2","2020 Audit Internship - East Lansing","Lansing, MI",
"Big Fish Games","3.0","Software Engineer Intern","Seattle, WA",
"American Structurepoint","3.4","Marketing Communications Intern","Indianapolis, IN",
"Newsday LLC","2.9","Summer 2020 Paid Reporter and Multimedia Internship","Melville, NY",
"FM Global","3.2","CAD Intern","Johnston, RI",
"Brinkmann Constructors","4.4","Project Engineer - Internship & Co-op","United States",
"DevTeam.Space","5.0","Paid Marketing Internship","Los Angeles, CA",
"Solution Tree, Inc.","3.5","Professional Development Intern","Bloomington, IN",
"GreenStone Farm Credit Services","4.8","Public Relations Intern","East Lansing, MI",
"Stanley Black & Decker","3.2","Electrical Engineering Internship","Towson, MD",
"KWT Global","3.7","Internship, PR - London","New York, NY",
"DataStax","4.3","People Team Intern","Santa Clara, CA",
"Veterans United Home Loans","4.6","Internship, Business Opportunities","Columbia, MO",
"Builders Mutual","4.8","IT Business Analyst Intern | Summer","Raleigh, NC",
"Tabula Rasa HealthCare, Inc","4.4","Pharmacy Intern","Phoenix, AZ",
"U.S. Cellular","3.4","2020 IT Summer Internship Infrastructure","Chicago, IL",
"Nevada Gold Mines",,"2020 Summer Internship - Metallurgical/Chemical Engineering","Nevada",
"Zions Bank","3.5","Intern IT Infrastructure","West Valley City, UT",
"Northwest Farm Credit","4.6","2020 Internship Program","Twin Falls, ID",
"WGBH","3.2","WGBH Winter/Spring 2020 Internship","Boston, MA",
"Hospice by the Bay","3.1","Bereavement Associate/Intern","Larkspur, CA",
"Neenah Foundry","2.9","Internship - Summer 2020 - Safety","Neenah, WI",
"AppRiver","4.4","Software Development Agile Teams Internship","Gulf Breeze, FL",
"Nu Skin","3.7","2020 Winter/Spring Global Consolidation Intern","Provo, UT",
"ALM","2.5","Marketing Intern (college credit only)","Centennial, CO",
"Columbus McKinnon","2.9","Credit Intern","Getzville, NY",
"Newsday LLC","2.9","Entertainment Digital Intern","Melville, NY",
"Buckman","3.9","Digital Innovation Intern","Memphis, TN",
"Northern Natural Gas","2.3","Intern - MIS Analyst","Omaha, NE",
"Endeavor Schools","4.1","Marketing Intern","Miami, FL",
"AVL Instrumentation & Test Systems","3.9","PEI Intern - Dynamometer Tech","United States",
"Ekata, Inc.","4.9","Software Engineer Intern","Seattle, WA",
"Sikich LLP","3.5","Summer 2020 Audit Intern - Milwaukee","Brookfield, WI",
"Raven Industries","3.6","Intern - Data Analysis","Sioux Falls, SD",
"Freese and Nichols","4.0","Intern","Oklahoma City, OK",
"Sandhills Global","2.7","Printing Mechanical Technician Intern","Lincoln, NE",
"Lindt & Sprüngli","3.6","Environmental Health & Safety Intern","Stratham, NH",
"ScholarshipAuditions.com",,"Internship Program","Nashville, TN",
"New Home Star","4.5","Marketing Intern","Elmhurst, IL",
"Veterans United Home Loans","4.6","Internship, Technology Summer Opportunities","Columbia, MO",
"Design Interactive","4.8","Internship Opportunities","Orlando, FL",
"Handel Architects","3.7","Paid Academic Internship","New York, NY",
"Newsday LLC","2.9","Lifestyle Digital Intern","Melville, NY",
"Maxar Technologies","3.6","Intern - Software Development","Pittsburg, KS",
"LGI Homes","4.3","Communications Intern - Summer 2020","Spring, TX",
"FHLB Des Moines","3.5","Information Governance Co-Op Intern","Des Moines, IA",
"Nevada Gold Mines",,"2020 Summer Internship - Mine Engineering","Nevada",
"COBANK","3.7","2020 Business Continuity Intern","Denver, CO",
"Society Insurance","3.4","Intern Marketing","Fond du Lac, WI",
"APCON","2.2","Software Test Intern","Plano, TX",
"Society Insurance","3.4","Intern, Premium Receivables","Fond du Lac, WI",
"ENSCO","4.0","Engineering Co-op/Intern","Endicott, NY",
"Raven Industries","3.6","Intern - Software Developer","Sioux Falls, SD",
"Newsday LLC","2.9","Sports Digital Intern","Melville, NY",
"OGE Energy Corp.","3.6","PS Engineering Technology Intern","Oklahoma City, OK",
"AVL Instrumentation & Test Systems","3.9","Test Systems Manufacturing Intern","Plymouth, MI",
"Aldridge Electric","4.2","Safety Intern - Construction","Libertyville, IL",
"Newsday LLC","2.9","Community News Digital Reporting Intern","Melville, NY",
"Golin","3.9","Digital Insights & Analytics Graduate Intern","Chicago, IL",
"GH Phipps Construction Companies","4.2","Preconstruction Intern","Greenwood Village, Arapahoe, CO",
"OGE Energy Corp.","3.6","Intern Technical","Oklahoma City, OK",
"Sevan Multi-Site Solutions","4.4","Internship/Co-Op","United States",
"Gensco","4.5","IT Intern","Tacoma, WA",
"Maxar Technologies","3.6","Software Engineering Intern","Chantilly, VA",
"Columbus McKinnon","2.9","Engineering Designer Intern","Brighton, MI",
"pMD","5.0","Software Engineer Intern 2020","San Francisco, CA",
"Coinbase","4.3","Winter 2020 Internship - Software Engineer","San Francisco, CA",
"Volkswagen Group of America","3.3","Pricing Intern","Herndon, VA",
"Cielo Talent","3.2","Finance/Accounting Intern","Brookfield, WI",
"RMB Capital","3.8","Intern","Chicago, IL",
"WebFX","4.7","Content Marketer Internship","Harrisburg, PA",
"FastSpring","4.8","Sales & Marketing Intern","Santa Barbara, CA",
"Scotts Miracle-Gro","3.9","Marketing Intern","Columbus, OH",
"Nutanix","3.9","Systems Reliability Engineer Intern","San Jose, CA",
"Collective Medical","4.9","Integration Engineer Intern","Cottonwood Heights, UT",
"Virgin Galactic","3.4","2020 Summer Intern - Various Departments","Las Cruces, NM",
"Federal Reserve Bank of Richmond","3.4","Summer 2020 Internship","Richmond, VA",
"Nevada Gold Mines",,"2020 Summer Internship - Safety & Health/Industrial Hygiene","Nevada",
"AppRiver","4.4","Service Desk Internship","Gulf Breeze, FL",
"Puget Sound Energy","3.4","Energy Applications Intern","Bellevue, WA",
"ASML","3.7","Internship, Production Engineering Optics","Wilton, CT",
"ASML","3.7","GUI Developer - Intern","San Jose, CA",
"ASML","3.7","Intern, Optical Production Engineering @ ASML","Wilton, CT",
"Nielsen-Kellerman","4.4","Sales - ECommerce Intern - Fall","Boothwyn, PA",
"HUSCO International","3.9","Co-ops & Internships","Maquoketa, IA",
"Forescout Technologies Inc.","3.9","SDR Intern","San Jose, CA",
"TechSmith Corporation","4.1","Digital Marketing Intern","Okemos, MI",
"COBANK","3.7","2020 Regional Agribusiness Credit Intern","Fargo, ND",
"Design Interactive","4.8","IT Intern","Orlando, FL",
"Sandhills Global","2.7","Ag Sales Intern","Lincoln, NE",
"Weber Metals","4.3","Intern - Technical","Paramount, CA",
"ASML","3.7","Intern, Optical Engineering (Summer 2020) @ ASML","Wilton, CT",
"Mesirow Financial","3.6","2020 Summer Internship Program","Chicago, IL",
"Maxar Technologies","3.6","Radar Engineering Intern","Ypsilanti, MI",
"Formosi","4.5","Digital Media Internship","Torrance, CA",
"WebFX","4.7","Digital Marketing - Account Management Internship","Harrisburg, PA",
"American Geophysical Union","3.6","Talent Pool Internship - Winter","Washington, DC",
"Amadeus IT Group SA","3.7","Internship - Trip Cost Predictor - Corporations","Boston, MA",
"ASML","3.7","Internship: signal improvement of level sensor software simulator","Wilton, CT",
"Scotts Miracle-Gro","3.9","Summer Internships","Columbus, OH",
"London Computer Systems","4.3","Software Developer Co-op/Intern","Cincinnati, OH",
"Allison Transmission","3.1","Product Engineering Intern","Indianapolis, IN",
"Desert Choice Schools","5.0","SPED Intern Teacher -Tempe-2019","Tempe, AZ",
"Esurance","3.9","Data Science Intern","San Francisco, CA",
"Farm Credit Mid-America","4.0","Intern-Credit","Louisville, KY",
"Golin","3.9","Design Creative Graduate Internship","Washington, DC",
"Articulate Productions","2.0","Spring Public Relations Intern","New York, NY",
"Beiersdorf (US)","3.5","Summer 2020 Internship","Morristown, NJ",
"NICE inContact","3.3","Data Science Intern","Salt Lake City, UT",
"Viewpoint","3.0","Product Marketing Intern","Portland, OR",
"WebFX","4.7","Digital Marketing Strategy Internship","Harrisburg, PA",
"Clark Schaefer Hackett","4.2","Audit Internship - Toledo (Mid-April ~ Mid-June)","Toledo, OH",
"Nevada Gold Mines",,"2020 Summer Internship - Electrical Engineering","Nevada",
"Farmers Edge","3.6","Client Success Summer Intern","Ames, IA",
"NTENT","3.3","Software Engineer INTERN","Carlsbad, CA",
"True Vision Enterprises","3.7","Advertising Marketing Sales Intern / Full Time Available","Orange, CA",
"ATPCO","3.3","Intern - Data Scientist","Dulles, VA",
"Simpson Gumpertz and Heger Inc","4.1","Summer 2020 Internship Opportunities","Houston, TX",
"GreenStone Farm Credit Services","4.8","Tax and Accounting Intern","Berrien Springs, MI",
"Veterans United Home Loans","4.6","Internship, Immersion Diversity Summer Opportunities","Columbia, MO",
"Nutanix","3.9","Systems Reliability Engineer- Tools Development Intern","San Jose, CA",
"HCSS","4.2","Business Analyst Intern","Houston, TX",
"TechSmith Corporation","4.1","Content Writing Intern","Okemos, MI",
"Allison Transmission","3.1","Electrical Systems Intern","Indianapolis, IN",
"Builders Mutual","4.8","Software Developer Intern | Summer","Raleigh, NC",
"Invest Like The Street",,"Investment Banking Intern","New York, NY",
"Orange County Transportation Authority","3.7","College Intern- Diversity Outreach","Orange, CA",
"The Motley Fool","4.5","Summer 2020 Internships: Software Development Team","Alexandria, VA","$65k-$99k"
"Genesis Acquisitions","4.6","MARKETING AND SALES - (Full Time or Paid Internship)","Lock Haven, PA",
"Freese and Nichols","4.0","Intern (Summer 2020) - Oklahoma","Tulsa, OK",
"The Motley Fool","4.5","Summer 2020 Internships: Investing Team","Alexandria, VA",
"Fivestars","4.0","Software Engineer Intern","San Francisco, CA",
"Silicon Labs","4.1","Software Engineer Intern - Summer","Boston, MA",
"SmithBucklin","3.0","Marketing Assistant Intern","Chicago, IL",
"Desert Choice Schools","5.0","SPED Intern Teacher -Casa Grande-2019","Casa Grande, AZ",
"Commonfund","3.8","Private Capital Accounting Intern - Immediate Position Available","Wilton, CT",
"ASML","3.7","Internship: Support the ASML Communications department (website support)","Wilton, CT",
"ASML","3.7","Intern, Optical Fabrication Technician @ ASML","Wilton, CT",
"Farm Credit Mid-America","4.0","Intern - Ag Lending","Indiana",
"Scotts Miracle-Gro","3.9","Intern, Process Engineer","Columbus, OH",
"Paycor","3.9","Sales Development Co-op/Intern - Summer 2020","Cincinnati, OH",
"Feeding Children Everywhere","4.2","Communications Nonprofit Internship","Longwood, FL",
"Allison Transmission","3.1","Plant Engineering Intern","Indianapolis, IN",
"Ulteig","4.5","Summer 2020 Electrical Engineer Intern (Austin, TX)","Austin, TX",
"SmithBucklin","3.0","Communications Intern","Chicago, IL",
"Feeding Children Everywhere","4.2","Videography Nonprofit Internship","Longwood, FL",
"National Futures Association","4.4","Compliance Intern","Chicago, IL",
"Mesirow Financial","3.6","Summer Intern - Global Investment Management Distribution","Chicago, IL",
"Terumo BCT","3.5","Software Engineering Intern (Undergraduate)","Lakewood, CO",
"Quotient Technology Inc.","2.9","Marketing Design Intern - Ahalogy","Cincinnati, OH",
"EquityZen","5.0","Exits Deal Internship (Part Time)","New York, NY",
"Esurance","3.9","Growth Analytics Intern","San Francisco, CA",
"Ulteig","4.5","Summer 2020 Electrical Engineer Intern (Billings, MT)","Billings, MT",
"Liquidnet","2.9","Development Intern","New York, NY",
"Viracon","3.5","Engineering Intern","Owatonna, MN",
"ATPCO","3.3","Intern - Data Analyst","Dulles, VA",
"Applause","4.2","Sales Intelligence Intern","Framingham, MA",
"Quantlab","4.1","Summer 2020 Quantitative Research Internship","Houston, TX",
"Fanatics","3.1","Merchandising Intern - Summer 2020","Jacksonville, FL",
"Rescue Agency","3.3","Social Media Management Intern","San Diego, CA",
"Gensco","4.5","Purchasing Intern","Tacoma, WA",
"Mercedes-Benz Research & Development North America, Inc.","3.1","Engineering Intern","Sunnyvale, CA",
"ATPCO","3.3","Intern - Software Engineer","Dulles, VA",
"Purple","3.9","Process Engineering Intern","Grantsville, UT",
"ATPCO","3.3","Intern - Retailing Coordinator","Dulles, VA",
"CampusLogic","4.8","Software Developer Intern","Chandler, AZ",
"Fanatics","3.1","Technology Intern - Summer 2020","Boulder, CO",
"Federal Reserve Bank of San Francisco","3.7","2020 District Cash Support Intern (Project Based","Los Angeles, CA",
"eviCore healthcare","3.4","IT Intern","Plainville, CT",
"TubeScience","3.6","Research & Development Intern","Los Angeles, CA",
"Trimble","3.9","Software Engineer Internship, Autonomy","Westminster, CO",
"Allison Transmission","3.1","IT Security Intern","Indianapolis, IN",
"ASML","3.7","Internship: Investigate safe metrology computations for quality software","Wilton, CT",
"Indivior","2.9","Strategy Value Access Intern","Richmond, VA",
"TechSmith Corporation","4.1","Video Production Intern","Okemos, MI",
"Mercedes-Benz Research & Development North America, Inc.","3.1","Engineering Intern - Powertrain EE & Projects","Redford, MI",
"Tapad","3.7","Summer Internship 2020 - Software Engineering","New York, NY",
"Braze","4.0","Software Engineering Intern","New York, NY",
"Esurance","3.9","Front End Software Engineer Intern","San Francisco, CA","$52k-$54k"
"Feeding Children Everywhere","4.2","Human Resources Nonprofit Internship","Longwood, FL",
"Scotts Miracle-Gro","3.9","MBA Marketing Intern","Columbus, OH",
"SV Microwave","3.6","Business Internship, Sales & Marketing","West Palm Beach, FL",
"Neustar","3.5","Intern (Co-op) - Software Engineering","Rochester, NY",
"Dermalogica","4.1","Packaging Development Intern","Carson, CA",
"Fidelity Investments","3.9","Westlake Summer 2020 - Undergraduate Internship","Westlake, TX",
"The Motley Fool","4.5","Summer 2020 Internships: Venture Fund Team","Alexandria, VA",
"Purple","3.9","Social Response Agent - Intern","Alpine, UT",
"Mercedes-Benz Research & Development North America, Inc.","3.1","Engineering Intern, Powertrain Adapt & Durability Support","Long Beach, CA",
"VelocityEHS","4.0","Ergonomics Intern","Ann Arbor, MI",
"Alger","3.3","Research Intern - Graduate","New York, NY",
"Tufts Health Plan","3.9","Finance Intern - Accounting","Watertown, MA",
"Alger","3.3","Research Intern - Undergraduate","New York, NY",
"Armstrong Flooring, Inc.","2.7","Electrical Engineering Intern","Lancaster, PA",
"Pall","3.3","Intern - Designing/Drafter (Year Round)","New Port Richey, FL",
"Dermalogica","4.1","Digital Skin Therapist Intern","Carson, CA",
"Five Nine Solutions, Inc","4.3","MARKETING / ADVERTISING - INTERNSHIPS OPEN!","Houston, TX",
"Protolabs","4.2","Software Quality Engineer Internship","Maple Plain, MN",
"ASML","3.7","Intern, Mechatronics (Summer 2020) @ASML","Wilton, CT",
"The Motley Fool","4.5","Summer 2020 Internships: Marketing Team","Alexandria, VA",
"Mercedes-Benz Research & Development North America, Inc.","3.1","Engineering Intern - Powertrain & E/E Projects","Redford, MI",
"Traylor Bros., Inc.","4.1","Summer 2020 Engineer Intern/Co-op - Heavy Civil Construction","United States",
"Sandhills Global","2.7","Bilingual International Marketing Intern (Mexico)","Scottsdale, AZ",
"Mailchimp","3.4","Marketing Insights Intern (Research), Spring 2020","Atlanta, GA",
"Ascend Performance Materials","3.8","Summer 2020 Chemical Engineering Intern","Houston, TX",
"ASML","3.7","Internship: Designing a monitoring analysis and debugging tool for a serial communications link","Wilton, CT",
"Nutanix","3.9","Systems Reliability Engineer Intern (US Citizenship Requirement)","San Jose, CA",
"Allison Transmission","3.1","Defense Programs Intern - Business Intern","Indianapolis, IN",
"Federal Reserve Bank of San Francisco","3.7","2020 Information Technology - National Data Hub (NDH) Intern (2 positions)","San Francisco, CA",
"ReSource Pro","4.1","Cultural Experience Internship - International Opportunity","Lincoln, NE",
"Penske Media Corporation","3.7","VBI: Data Tracking Intern TV & Digital","Los Angeles, CA",
"The Motley Fool","4.5","Summer 2020 Internships: Linux Web Engineering Team","Alexandria, VA","$75k-$112k"
"Mailchimp","3.4","SEO Intern, Spring 2020","Atlanta, GA",
"HCSS","4.2","Software Development Internship (Summer 2020)","Houston, TX",
"Farm Credit Mid-America","4.0","Intern - Organizational Development","Louisville, KY",
"ASML","3.7","Internship: Thermal imaging of electrical actuators using an infra-red test setup","Wilton, CT",
"Citizens Bank","3.4","Commercial Summer Intern - UPM Oil & Gas","Houston, TX",
"The Motley Fool","4.5","Summer 2020 Internships: Editorial Team","Alexandria, VA",
"Penske Media Corporation","3.7","Variety Business Intelligence (VBI): Data Tracking Intern International Content","Los Angeles, CA",
"Myriad Genetics","3.5","Software Engineering 2020 Intern (Spring/Summer)","South San Francisco, CA",
"Delaware North","2.9","Social Media Intern, TD Garden","Boston, MA",
"Allison Transmission","3.1","Marketing, Sales and Service Intern","Indianapolis, IN",
"Federal Reserve Bank of San Francisco","3.7","2020 CPO - National Operations Intern","San Francisco, CA",
"Southwestern Advantage","4.9","Paid Work Internship for College Students","Gainesville, FL",
"SGF Global, Inc.","3.5","Business Intern","Houston, TX",
"Giant Eagle","3.2","Retail Management Intern, IDP","Dublin, OH",
"HCSS","4.2","Software Development Internship (Year-Round)","Houston, TX",
"EngageIQ","2.9","Intern","Santa Clara, CA",
"Sanford Health","3.5","Spring Intern - Corporate Accounting","Sioux Falls, SD",
"Northwestern Mutual","3.8","Test Engineering - Internship","New York, NY",
"Federal Reserve Bank of San Francisco","3.7","2020 Information Technology - Advanced Data and Analytics Intern (2 Positions)","San Francisco, CA",
"Zimmer Biomet","3.5","Intern","Kansas City, MO",
"Allison Transmission","3.1","E-Lab Intern","Indianapolis, IN",
"Oracle","3.5","Student / Intern","New Mexico",
"Tri-County Human Services","3.5","Intern","Winter Haven, FL",
"Fitwise Inc.",,"Intern","Delray Beach, FL",
"Gulf Specimen Marine Lab","3.6","Intern","Panacea, FL",
"NASCAR","3.8","Intern","Daytona Beach, FL",
"VFC","3.5","Intern","Nashville, TN",
"Reddit","3.3","Product Intern (Summer 2020)","San Francisco, CA",
"Microsoft","4.2","Internship Opportunities for Students","Cambridge, MA",
"Amazon","3.8","SDE Intern","Palo Alto, CA",
"iData Capital",,"Intern","College Park, MD",
"Students + Startups","2.0","Intern","San Antonio, TX",
"Kaiser Permanente","4.0","Intern-Undergraduate","Honolulu, HI",
"Amtrak","3.3","Intern","Fort Washington, MD",
"Alkali Services","3.7","Intern","Chicago, IL",
"Microchip Technology","3.8","Intern","Chandler, AZ",
"DocuSign","4.6","People Analytics Intern","San Francisco, CA",
"Southern California Edison","3.6","2020 Summer Internship: Ethics & Compliance (Computer Science & Information Systems Majors)","Rosemead, CA",
"Amazon","3.8","Business Analyst Intern","Boston, MA",
"U.S. House of Representatives","4.0","Intern","Washington, DC",
"Griffin Alliance",,"Intern","Jacksonville, FL",
"Futura Language Professionals","4.4","Intern","Minneapolis, MN",
"L'Oréal","3.7","Intern - Talent Management","New York, NY",
"Rapt Studio","3.7","Intern","San Francisco, CA",
"Mulberry Marketing Communications",,"Intern","Chicago, IL",
"Vulcan Materials Company","3.6","Intern","Phoenix, AZ",
"Lumity Inc","3.6","Intern","Sacramento, CA",
"Comcast Technology & Product","3.5","Intern","New Hampshire",
"United Airlines","4.0","Intern","Chicago, IL",
"Prisma Health","3.5","Intern","Columbia, SC",
"Religions for Peace International","3.2","Intern","New York, NY",
"Johnson & Johnson","4.0","Technology Summer Internship","Sparks, NV",
"Legends","3.6","Intern","Minneapolis, MN",
"Accounting and Consulting Group, LLP",,"Intern","Sarasota, FL",
"‘ike","3.0","IT Intern, Cyber Security","Honolulu, HI",
"National Grid","3.4","Summer 2020 Intern Program: Business/Finance/IT/Other Opportunities","Albany, NY",
"Visa Inc.","3.6","Intern - Global Brand, Sponsorship, and Innovation Marketing (Undergrad)","San Francisco, CA",
"Huckberry, Inc.","4.4","Design and Production Intern","San Francisco, CA",
"Chubb","3.3","Intern","New York, NY",
"New Hanover County","3.3","Intern","Wilmington, NC",
"Corbion","3.3","Intern","Lenexa, KS",
"Wendel","4.0","Intern","United States",
"Graybar","3.6","Intern","Maryland Heights, MO",
"UBS","3.5","Intern","Salt Lake City, UT",
"Ackman-Ziff","4.6","Intern","New York, NY",
"City of Lake Forest, IL","4.5","Intern","Lake Forest, IL",
"Morgan Stanley","3.8","Intern*","Irvine, CA",
"HCL Technologies Ltd.","3.4","Intern","Massachusetts",
"CBRE","3.6","Intern","Denver, CO",
"GEODIS","3.3","Intern","Carlisle, PA",
"Lockheed Martin","3.8","Intern","Fort Worth, TX",
"Arseal Technologies","3.9","Intern","Alpharetta, GA",
"U. S. Silica","3.2","Intern","Reno, NV",
"Unicity International Inc","3.3","Unicity Intern","Orem, UT",
"Sonos","4.2","Summer Internship 2020 | Software Development Engineer in Test, Embedded","Seattle, WA",
"GfK","3.2","Intern","New York, NY",
"Hill Barth & King","4.0","Intern","Cherry Hill, NJ",
"Wish","3.7","Intern - Business Development Analyst - Summer 2020","San Francisco, CA",
"Lockwood, Andrews, & Newnam","3.7","Intern","Houston, TX",
"BancorpSouth","3.6","Intern","Baton Rouge, LA",
"Johnson & Johnson Insurance","3.6","Intern","Mount Pleasant, SC",
"Metromont","3.2","Intern","Winchester, VA",
"AxoGen","3.5","Intern","Alachua, FL",
"Child and Family Services of New Hampshire","3.7","Intern","Keene, NH",
"Publicis","3.5","Intern","United States",
"C.H. Robinson Worldwide","3.3","Intern","Memphis, TN",
"NetApp","3.9","Intern","Pittsburgh, PA",
"Cintas","3.5","Intern","Orlando, FL",
"City of Hope","3.4","Intern","Duarte, CA",
"Wellmark","3.9","Intern","Des Moines, IA",
"BGC Partners","3.1","Intern","San Francisco, CA",
"Nabholz Construction Services","4.1","Intern","North Little Rock, AR",
"San Diego Community College District","4.0","Intern","San Diego, CA",
"Sparkpr","3.6","Intern","New York, NY",
"Fund That Flip","5.0","Intern","Cleveland, OH",
"Deutsche Bahn","3.9","Intern","Schaumburg, IL",
"Philips","3.7","Intern","Stamford, CT",
"Ross & Baruzzini Inc.","4.6","Intern","Atlanta, GA",
"Energy Transfer","4.0","Intern M&A /Summer","Dallas, TX",
"Gartner","3.7","Intern","Fort Myers, FL",
"Siemens PLC","4.0","Intern","Sacramento, CA",
"AspenTech","3.2","Intern","Houston, TX",
"Genesys","4.0","Software Engineer, Backend Intern","Durham, NC",
"The Center for Discovery","3.4","Intern","United States",
"Gundersen Health System","4.0","Intern","La Crosse, WI",
"Coed Media Group","4.1","Intern","New York, NY",
"Takeda Pharmaceuticals","3.6","Intern","San Diego, CA",
"Yardi Systems","4.1","Intern","Boise, ID",
"Global Data Systems","3.4","Intern","Lafayette, LA",
"KVC Health Systems","3.4","Intern","Lexington-Fayette, KY",
"FREIGHTQUOTE","3.1","Intern","Auburn Hills, MI",
"KBR","3.7","Intern","Houston, TX",
"Mowery & Schoenfeld","5.0","Intern","Lincolnshire, IL",
"CapinCrouse LLP","4.2","Intern","San Diego, CA",
"ICM","3.2","Intern","Colwich, KS",
"300Brand","4.0","Intern","Alexandria, VA",
"FALCON","5.0","Intern","Cleveland, OH",
"Altria","3.6","Sales Undergraduate Intern - University of Arizona","Tucson, AZ",
"Cushman & Wakefield","3.5","Intern","Stamford, CT",
"Dataminr","3.5","Research Internship - Spring 2020 (NLP, Computer Vision, or Machine Learning)","New York, NY",
"Federal Aviation Administration","3.7","Paid Fall Internships with the FAA","Atlantic City, NJ",
"Skanska USA Building Inc",,"Intern","Seattle, WA",
"Philadelphia Housing Authority","2.3","Intern","Philadelphia, PA",
"Federal Reserve Bank of San Francisco","3.7","2020 Information Technology - Statistics and Reserves Apps Developer Intern","San Francisco, CA",
"Science Systems and Applications","4.0","Intern","Pasadena, CA",
"National Youth Advocate Program","3.8","Intern","Lakewood, OH",
"NetApp","3.9","Intern - Software & QA Engineer","Sunnyvale, CA",
"Suttle-Straus","4.4","Intern","Madison, WI",
"Berkeley Point Capital Holdings","3.6","Intern","Dallas, TX",
"Iris Automation","5.0","C++ Software Engineer Intern","Reno, NV",
"Delphinus Engineering","3.7","Intern","Norfolk, VA",
"Miami Air","3.7","Intern","United States",
"Lockton","3.5","Intern","Los Angeles, CA",
"University of Georgia","4.2","Intern","Athens, GA",
"IAT Insurance Group","4.1","Intern","Raleigh, NC",
"Plummer Financial Services",,"Intern","Memphis, TN",
"New England Construction",,"Intern","Rumford, RI",
"Kühne + Nagel","3.4","Intern","Atlanta, GA",
"ASHTON TIFFANY, LLC","4.3","Intern","Phoenix, AZ",
"Abdo, Eick & Meyers, LLP","4.5","Intern","Edina, MN",
"NISA Investment Advisors, LLC","3.4","Intern","Saint Louis, MO",
"Weitzman","3.6","Intern","Houston, TX",
"Inova","3.2","Intern","Fairfax, VA",
"Cape Cod Veterinary Specialists","4.1","Intern","Buzzards Bay, MA",
"HKA Marketing Communications",,"Intern","Tustin, CA",
"Baylor Scott & White Health","3.4","Intern","Dallas, TX",
"University of Louisville Physicians","2.8","Intern","Louisville, KY",
"Draper Aden Associates","3.5","Intern","Virginia",
"Carr, Riggs & Ingram, LLC","3.5","Intern","Gainesville, FL",
"CEVA Logistics","3.2","Intern","Houston, TX",
"Telephone and Data Systems Inc.","3.2","Intern","Madison, WI",
"VMBG Accounting","5.0","Intern","Hallandale Beach, FL",
"BC+S",,"Intern","Salem, OR",
"The Building People","5.0","Intern","Leesburg, VA",
"Goldberg Segalla LLP","3.4","Intern","Albany, NY",
"TMC","4.2","Intern","Atlanta, GA",
"The Kasper Group","2.4","Intern","New York, NY",
"Whitney Bailey Cox & Magnani","4.0","Intern","Baltimore, MD",
"Oceans","3.7","Intern","New York, NY",
"Hubbell","3.1","Intern","Columbia, SC",
"Adventist Health NW",,"Intern","Portland, OR",
"Archetype Solutions Group","4.8","Intern","Philadelphia, PA",
"Penn State University","4.2","Intern","University Park, PA",
"Melaleuca","4.5","Intern","Idaho Falls, ID",
"Tarzana Treatment Centers, Inc.","3.1","Intern","Woodland Hills, CA",
"Southern California Edison","3.6","2020 Summer Internship: T&D - Maintenance Performance & Reliability","Pomona, CA",
"Smith, Elliott, Kearns & Company","4.2","Intern","Chambersburg, PA",
"Limbach Facility Services LLC","3.1","Intern","Pontiac, MI",
"Davis-Standard","3.5","Intern","Fulton, NY",
"DDN Storage","3.8","Intern","Colorado Springs, CO",
"Child Abuse Prevention Council","4.7","Intern","Stockton, CA",
"Hill International","3.5","Intern","Columbus, OH",
"IBM","3.7","2020 Intern - Market Development & Insights Analyst","Chicago, IL",
"Southern California Edison","3.6","2020 Summer Internship: Transmission & Distribution (T&D) - Asset Management, Strategy & Engineering","Westminster, CA",
"Agropur Coopérative","3.0","Intern- IT","La Crosse, WI",
"New York District Attorney's Office","3.8","Intern","New York, NY",
"Lady of Decorum",,"Intern","Denver, CO",
"RBC Bearings","2.9","Intern","Trenton, NJ",
"Venn Strategies","3.3","Intern","Washington, DC",
"Deposco","3.8","Summer 2020 Internship/Co-Op Program","Alpharetta, GA",
"The Resource Center","3.1","Intern","Jamestown, NY",
"Barings","3.8","Investment Systems Summer Internship","Charlotte, NC",
"VWR","3.2","Intern","South Bend, IN",
"AECOM","3.2","Intern","Indianapolis, IN",
"Avantor","2.2","Intern","South Bend, IN",
"TDIndustries, Ltd.","3.7","Intern","Fort Worth, TX",
"Glenwood, Inc.","2.8","Intern","Birmingham, AL",
"'Ekahi Health System","2.9","IT Intern, Cyber Security","Honolulu, HI",
"iHeartMedia","3.1","Intern","Pittsburgh, PA",
"Boeing","3.6","Boeing Business Internship Program (Paid) Summer 2020 - Finance","El Segundo, CA",
"Blackberry","3.2","Software Development and Test Intern","Cary, NC",
"DCS CORPORATION","3.9","Intern","Orlando, FL",
"Mahle","4.1","Intern","Troy, MI",
"Soliant Health","4.1","School Psych Intern","Vacaville, CA",
"Granite Construction Inc","3.7","Intern","Elko, NV",
"McDermott","3.4","Intern","Port Arthur, TX",
"The US China Policy Foundation","4.2","Internship Program","Washington, DC",
"Interstellar Solutions",,"COLLEGE GRADS & INTERNS- Entry Level Marketing & Advertising Positions","Grand Prairie, TX",
"Taksu Connections",,"COLLEGE GRADS & INTERNS- Entry Level Marketing & Advertising Positions","Houston, TX",
"Kulia Business Solutions",,"COLLEGE GRADS & INTERNS- Entry Level Marketing & Advertising Positions","Memphis, TN",
"BOOKS & BREWS","2.8","Intern","Zionsville, IN",
"Key Tronic Corporation","3.2","Intern","Spokane Valley, Spokane, WA",
"JenCare","1.9","Intern","South Miami, FL",
"Energy Transfer","4.0","Intern - Integration Team","Dallas, TX",
"Walker & Dunlop","3.6","Multifamily Finance - Summer 2020 Intern","New Orleans, LA",
"Select Portfolio Servicing","2.7","Intern","Salt Lake City, UT",
"Farmers Insurance","3.3","Marketing Intern","Colorado Springs, CO",
"Smart Design","3.8","Intern","New York, NY",
"Vivaldi Partners","4.3","Intern","New York, NY",
"Syneos Health","3.3","Intern","Wilmington, NC",
"Precision For Value","3.1","Intern","No Agua, NM",
"Hilton Garden Inn South Bend",,"Intern","South Bend, IN",
"Oil States Industries","3.3","Intern","Arlington, TX",
"Honda","3.8","Summer 2020 Internship","Lincoln, AL",
"North Central Texas Council of Governments","2.6","Intern","Arlington, TX",
"Quantum Spatial","3.1","Intern","Anchorage, AK",
"Duravant","2.4","Intern","Walla Walla, WA",
"The Chazen Companies","4.1","Entry Level/Co-Op/Intern Positions","Troy, NY",
"Palantir Technologies","3.8","Software Engineer, Internship","Palo Alto, CA",
"Mississippi State University (MS)",,"Intern","Starkville, MS",
"Aurora Innovation","4.8","Aurora Internship Program","Palo Alto, CA",
"Wheelabrator","2.9","Intern","Bridgeport, CT",
"Brillio LLC","3.0","Intern","San Ramon, CA",
"Ameren","3.8","Digital Intern - Innovation","Urbana, IL",
"Stantec","3.5","Intern","Ann Arbor, MI",
"City Of Modesto","3.9","Intern","Modesto, CA",
"The Door - A Center of Alternatives","3.4","Intern","New York, NY",
"Patterson Companies","3.1","Intern","Lexington-Fayette, KY",
"SS&C Solutions, Inc.","5.0","Spring 2020 Internship","Shawnee, KS",
"Chernoff Diamond &Co","3.5","Intern","Uniondale, NY",
"JusticeWorks","4.2","Intern","Lancaster, PA",
"Shape (ShapeScale)","5.0","Digital Marketing & Community Coordinator (Internship)","San Francisco, CA",
"Experiment",,"Intern","New York, NY",
"ChenMed","2.9","Intern","Miami Gardens, FL",
"Axelon, Inc.","3.3","Intern","New York, NY",
"The Millennium Alliance","3.9","Marketing Intern","New York, NY",
"Farm Credit East","3.8","Intern","Enfield, CT",
"Reliance Standard Life Insurance","3.2","Intern","Philadelphia, PA",
"HSM Solutions","2.6","Intern","Arlington, TX",
"BCS","3.1","Intern","Washington, DC",
"Scientific Games","3.1","Intern","Reno, NV",
"Charleston Hope","5.0","Nonprofit Social Media Intern","Charleston, SC",
"UGI","3.6","Intern-Engineering","Middletown, PA",
"DOMA Technologies","3.2","Intern","Virginia Beach, VA",
"Eckerd Connect","2.8","Intern","Asheville, NC",
"REJIS","2.3","Intern","Saint Louis, MO",
"Underwriters Laboratories","3.0","Intern","Atlanta, GA",
"Liebherr","3.6","Intern","Newport News, VA",
"Dartmouth-Hitchcock Medical Center","3.8","Intern","Lebanon, NH",
"Key Technology","3.5","Intern","Walla Walla, WA",
"dbMotion","2.8","Intern","Pittsburgh, PA",
"Wavemaker","3.6","Intern","New York, NY",
"WONGDOODY","4.5","Internship Inquiry - Be A Wongtern","Seattle, WA",
"ORIX USA","3.5","Intern","Dallas, TX",
"Samaritan Health Services","3.3","Intern","Corvallis, OR",
"Walmart","3.2","2020 Intern: AFDP, Corporate Undergraduate Intern","Bentonville, AR",
"Signature Health","3.3","Intern","Cleveland, OH",
"Legacy Marketing Partners","3.4","Intern","Chicago, IL",
"INTL FCStone","3.5","Intern","Bowling Green, OH",
"McDonough Bolyard Peck, Inc. (MBP)","3.7","Intern","Fairfax, VA",
"Maxim Integrated","3.4","Intern","San Jose, CA",
"Newmark Knight Frank","3.0","Intern","Dallas, TX",
"CliftonLarsonAllen","3.5","Intern","Sebring, FL",
"The Veggie Grill","3.5","Intern","Santa Monica, CA",
"North American Lighting","4.0","Intern","Salem, IL",
"Republic Services","3.5","Intern","North Charleston, SC",
"Resources For Human Development","2.6","Intern","Philadelphia, PA",
"Salem Media Group","4.3","Intern","Irving, TX",
"Heaven Hill Distilleries","2.6","Brand Management Internship","Louisville, KY",
"Adventist Health","3.4","Intern","Portland, OR",
"Palmetto Health-USC Medical Group","3.1","Intern","Columbia, SC",
"Hubbell Lighting","3.1","Intern","Hamilton, OH",
"SMG Management","3.4","Intern","Houston, TX",
"Brandywine Counseling & Community Services Inc","2.6","Intern","Wilmington, DE",
"Outfront Media","2.7","Intern","Charlottesville, VA",
"EquipmentLocator.com","1.8","Intern","Dwight, IL",
"Brandable","2.7","Intern","Beverly Hills, CA",
"Famous Dave's of America, Inc.","3.2","Intern","Minnetonka, MN",
"Argus Information & Advisory Services","4.0","Intern","White Plains, NY",
"XPO Logistics","3.8","Intern","High Point, NC",
"Crane Worldwide Logistics","3.1","Intern","Atlanta, GA",
"Auto-Owners Insurance Co","3.5","Intern (summer)","Newnan, GA",
"Tetra Tech","4.0","Intern","Portland, OR",
"TJX Companies","3.4","Intern","Evansville, IN",
"Terracon","3.4","Intern","New Orleans, LA",
"Grassi & Co.","3.4","Intern","New York, NY",
"P.W. Grosser Consulting","4.4","Intern","Bohemia, NY",
"Wood Patel & Associates","3.8","Intern","Phoenix, AZ",
"United Community Center","3.6","Intern","Milwaukee, WI",
"Stryker","3.9","Intern","Tempe, AZ",
"John Harris Body Shops","5.0","Intern","Columbia, SC",
"Sporting Kansas City","4.5","Operations Intern - Spring 2020, Sporting Fields + Athletics","Kansas City, KS",
"Aegion","2.8","Intern","Irvine, CA",
"Anomaly Productions",,"Intern","Laguna Hills, CA",
"Vantage Advertising","3.6","Online Marketing Intern","Rochester, NY",
"Eaton","3.7","Eaton Internship Program: Information Technology","Peachtree City, GA",
"The Gemini 3 Group, Inc.","3.9","Intern","Stafford, VA",
"Rudolph & Sletten","4.2","Project Engineer INTERNSHIP","Roseville, CA",
"FlightSafety International","3.1","Intern","Columbus, OH",
"Genuine Parts Company","3.5","Intern","Williamsville, NY",
"Andrew Joseph PR",,"Intern","New York, NY",
"Delta Resources","4.5","Intern","Washington, DC",
"Ambarella","3.9","Software Engineer Intern","Santa Clara, CA",
"Behavioral Services","5.0","Addiction Intern Substance Abuse Monitor GraveYard Shift 1230am-830am","Fountain Valley, CA",
"Virtu Careers","3.4","Summer Internship - Quantitative Research (NYC)","New York, NY",
"T-O Engineers, Inc.","5.0","Intern","Heber City, UT",
"JDA Software","4.2","Intern","Dallas, TX",
"Oil States International","3.0","Intern","Arlington, TX",
"Eckler Industries Inc","3.1","Intern","Orlando, FL",
"JLL","3.7","Intern","Houston, TX",
"Fitch Ratings","3.3","Intern","New York, NY",
"Short-Elliott-Hendrickson","3.6","Intern","Saint Paul, MN",
"Graphic Packaging","2.9","Intern","Clarksville, TN",
"Hubbell Power Systems","2.8","Intern","Columbia, SC",
"Mill Creek Residential Trust","4.4","Intern","Atlanta, GA",
"Sierra Nevada Corporation","3.4","Software Engineering Intern","Sparks, NV",
"Global Indemnity Group","3.8","Intern","Bala-Cynwyd, PA",
"HERE","3.6","Intern","Chicago, IL",
"ArtGuru Foundation",,"Intern","Kalamazoo, MI",
"Viavi Solutions","3.3","Intern","Maryland",
"Lockheed Martin","3.8","Manassas, VA - Software Engineer Intern","Manassas, VA",
"CRB Consulting Engineers","4.4","Intern","Raleigh, NC",
"Skanska","3.9","Intern","Seattle, WA",
"CCMSI","3.9","CCMSI-U Claim Intern","Reno, NV",
"Tenet","2.3","Intern","Dallas, TX",
"Ricoh USA","3.0","Intern","Atlanta, GA",
"Leukemia & Lymphoma Society","3.5","Intern","Minneapolis, MN",
"Garden & Gun Magazine, LLC",,"Intern","Charleston, SC",
"Lone Star LIterary Life",,"Intern","Colleyville, TX",
"AAR","3.2","Intern","Miami, FL",
"Odyssey Logistics & Technology","3.0","Intern","South Saint Paul, MN",
"Racker","3.6","Intern","Ithaca, NY",
"Grant Thornton","3.5","Audit Intern- Summer","Albany, NY",
"IN30 Fit",,"Intern","Tequesta, FL",
"Fellowship of Christian Athletes","4.4","Intern","Frederick, MD",
"ClubCorp","2.5","Intern","Los Angeles, CA",
"Layton Construction","4.4","Intern","Salt Lake City, UT",
"Meadows Urquhart Acree & Cook","4.2","Intern","Richmond, VA",
"Great American - P&C Group","3.9","Intern","Cincinnati, OH",
"Dupont Circle BID",,"Intern","Washington, DC",
"Altice USA","2.5","Intern","Bethpage, NY",
"Magellan Health","3.2","Intern","Columbus, OH",
"New Frontier Data","2.8","Intern","Washington, DC",
"L3Harris","3.3","Software Engineer - Intern","Plano, TX",
"Catholic Charities of Baltimore","3.0","Undergraduate Intern","Timonium, MD",
"Standard","3.1","Intern","Livermore, CA",
"OpenClinica","4.9","Software Test Engineer Intern","Waltham, MA",
"Community Partnership of the Ozarks",,"Communications Assistant Internship (Unpaid/Volunteer Position)","Springfield, MO",
"Citizens Bank MN",,"Intern","New Ulm, MN",
"Architecture Technology Corporation","4.5","Software Engineering Co-Op / Intern","San Jose, CA",
"Southern California Edison","3.6","2020 Summer Internship: Transmission and Distribution - Distribution Engineering (Menifee)","Romoland, CA",
"West End Strategy Team","4.0","Intern","New York, NY",
"Southern California Edison","3.6","2020 Summer Internship: T&D - Distribution Engineering (Business Majors)","Ventura, CA",
"CBT College",,"Intern","Miami, FL",
"Production Resource Group","3.0","Intern","Glendale, CA",
"Nielsen","3.5","Technology Intern - Early Career Program","Chicago, IL",
"OPSPro","5.0","Intern","Washington, DC",
"Centerstone","2.9","Intern","Clarksville, TN",
"Modern Industries Inc","3.8","Intern","Erie, PA",
"Oriental Bank","3.9","Oriental Internship Program","Hato Rey, PR",
"Verizon Media","3.3","Software Engineering Intern","Sunnyvale, CA",
"Ferrazzi Greenlight","3.1","Intern","Los Angeles, CA",
"The PAC Group","4.1","Finance/Accounting Intern","Troy, MI",
"D. E. Shaw & Co.","4.4","Fundamental Research Analyst Intern","New York, NY",
"Tango Media","4.2","Social Media Interns","New York, NY","$29k-$47k"
"Blackberry","3.2","Marketing Intern","San Ramon, CA",
"LaBella Associates","4.6","Internship Program","Rochester, NY",
"MSLGROUP","3.2","Intern","United States",
"Philips","3.7","Software Development Engineer Intern","Bothell, WA",
"D.A. Davidson Companies","4.3","Marketing Intern","Costa Mesa, CA",
"WillowTree","4.8","Software Test Engineer Intern","Durham, NC",
"Pavlov Media","2.9","Intern - NOC","Champaign, IL",
"Viasat","4.4","Software Engineer Intern","San Jose, CA",
"Garmin","4.0","Communications Intern","Olathe, KS",
"CareerPlug","4.4","Client Support Intern","Austin, TX",
"Relypsa, Inc.","3.1","Clinical Operations Intern","Redwood City, CA",
"American Water","2.8","Intern","Camden, NJ",
"Lockheed Martin","3.8","Internship","Herndon, VA",
"Brandfolder","4.6","Marketing Intern","Denver, CO",
"Confluent","4.8","Backend Software Engineering Intern","Mountain View, CA",
"Dcode","1.0","Intern","Washington, DC",
"Warren Equipment Company","3.8","LDP Intern","Abilene, TX",
"Ruff Ryders",,"Intern","Yonkers, NY",
"Sony PlayStation","3.4","Software Engineering Intern","San Diego, CA",
"McDonald's","3.4","Global Technology Internship","Chicago, IL",
"Grant Thornton","3.5","Innovation Consulting Intern - Summer","Philadelphia, PA",
"Garmin International, Inc.","4.0","Software Engineer Intern (Part-Time)- KU Office","Lawrence, KS",
"Tech-Keys","3.6","Technical Intern","Howell, NJ",
"enLabel Global Services, Inc.","3.9","Software Engineer Intern","Boston, MA",
"Sonos","4.2","Summer 2020 Intern | Email Developer, Global CRM (Seattle","Boston, MA",
"Curtiss-Wright","2.9","Intern","Gilbert, AZ",
"PACCAR Technical Center","3.3","Engineering Intern: OBD Calibration","Mount Vernon, WA",
"SK hynix America","3.5","Software Engineer - Intern","San Jose, CA",
"Adobe","4.1","Site Reliability Engineer Intern - Cloud Technology Organization","San Jose, CA",
"Big Leap","4.5","Digital Marketing Intern","Lehi, UT",
"Disruptive Advertising","4.6","Marketing Internship","Lindon, UT",
"Cortica","4.0","IT Intern","San Diego, CA",
"Brighton Jones LLC","4.9","Summer Intern","Seattle, WA",
"Citizens Bank","3.4","Data Scientist Intern","Johnston, RI",
"Elite Solar Concepts","4.4","Digital Marketing Intern","Scottsdale, AZ",
"U.S. Cellular","3.4","2020 IT Summer Internship Technology Operations","Madison, WI",
"U.S. Cellular","3.4","2020 IT Summer Internship IS Solutions","Chicago, IL",
"Desert Choice Schools","5.0","SPED Teacher Intern- Buckeye 2019","Buckeye, AZ",
"TechSmith Corporation","4.1","Software Engineering Intern","Okemos, MI",
"Memorial Health System","3.9","Student Nurse Intern, Passavant Area Hospital","Jacksonville, IL",
"GreenStone Farm Credit Services","4.8","Credit Intern","Little Chute, WI",
"Clark Schaefer Hackett","4.2","2020 Audit Internship - East Lansing","Lansing, MI",
"Allison Transmission","3.1","Plant Engineering Intern","Indianapolis, IN",
"SmithBucklin","3.0","Communications Intern","Chicago, IL",
"Ulteig","4.5","Summer 2020 Electrical Engineer Intern (Austin, TX)","Austin, TX",
"Feeding Children Everywhere","4.2","Videography Nonprofit Internship","Longwood, FL",
"National Futures Association","4.4","Compliance Intern","Chicago, IL",
"Mesirow Financial","3.6","Summer Intern - Global Investment Management Distribution","Chicago, IL",
"Terumo BCT","3.5","Software Engineering Intern (Undergraduate)","Lakewood, CO",
"Quotient Technology Inc.","2.9","Marketing Design Intern - Ahalogy","Cincinnati, OH",
"Esurance","3.9","Growth Analytics Intern","San Francisco, CA",
"EquityZen","5.0","Exits Deal Internship (Part Time)","New York, NY",
"Ulteig","4.5","Summer 2020 Electrical Engineer Intern (Billings, MT)","Billings, MT",
"Big Fish Games","3.0","Software Engineer Intern","Seattle, WA",
"Veterans United Home Loans","4.6","Internship, Business Opportunities","Columbia, MO",
"Builders Mutual","4.8","IT Business Analyst Intern | Summer","Raleigh, NC",
"GreenStone Farm Credit Services","4.8","Public Relations Intern","East Lansing, MI",
"Endeavor Schools","4.1","Marketing Intern","Miami, FL",
"AVL Instrumentation & Test Systems","3.9","PEI Intern - Dynamometer Tech","United States",
"Ekata, Inc.","4.9","Software Engineer Intern","Seattle, WA",
"LGI Homes","4.3","Communications Intern - Summer 2020","Spring, TX",
"AVL Instrumentation & Test Systems","3.9","Test Systems Manufacturing Intern","Plymouth, MI",
"Freese and Nichols","4.0","Intern","Oklahoma City, OK",
"Veterans United Home Loans","4.6","Internship, Technology Summer Opportunities","Columbia, MO",
"New Home Star","4.5","Marketing Intern","Elmhurst, IL",
"Design Interactive","4.8","Internship Opportunities","Orlando, FL",
"pMD","5.0","Software Engineer Intern 2020","San Francisco, CA",
"Maxar Technologies","3.6","Software Engineering Intern","Chantilly, VA",
"Sevan Multi-Site Solutions","4.4","Internship/Co-Op","United States",
"San Diego Community College District","4.0","Intern","San Diego, CA",
"Fund That Flip","5.0","Intern","Cleveland, OH",
"Deutsche Bahn","3.9","Intern","Schaumburg, IL",
"Ross & Baruzzini Inc.","4.6","Intern","Atlanta, GA",
"Gartner","3.7","Intern","Fort Myers, FL",
"Philips","3.7","Intern","Stamford, CT",
"Siemens PLC","4.0","Intern","Sacramento, CA",
"Energy Transfer","4.0","Intern M&A /Summer","Dallas, TX",
"AspenTech","3.2","Intern","Houston, TX",
"The Center for Discovery","3.4","Intern","United States",
"Genesys","4.0","Software Engineer, Backend Intern","Durham, NC",
"Gundersen Health System","4.0","Intern","La Crosse, WI",
"Takeda Pharmaceuticals","3.6","Intern","San Diego, CA",
"Coed Media Group","4.1","Intern","New York, NY",
"Yardi Systems","4.1","Intern","Boise, ID",
"KVC Health Systems","3.4","Intern","Lexington-Fayette, KY",
"Global Data Systems","3.4","Intern","Lafayette, LA",
"FREIGHTQUOTE","3.1","Intern","Auburn Hills, MI",
"Gensco","4.5","IT Intern","Tacoma, WA",
"Volkswagen Group of America","3.3","Pricing Intern","Herndon, VA",
"KBR","3.7","Intern","Houston, TX",
"CapinCrouse LLP","4.2","Intern","San Diego, CA",
"Mowery & Schoenfeld","5.0","Intern","Lincolnshire, IL",
"ICM","3.2","Intern","Colwich, KS",
"300Brand","4.0","Intern","Alexandria, VA",
"FALCON","5.0","Intern","Cleveland, OH",
"Altria","3.6","Sales Undergraduate Intern - University of Arizona","Tucson, AZ",
"Cushman & Wakefield","3.5","Intern","Stamford, CT",
"Skanska USA Building Inc",,"Intern","Seattle, WA",
"Dataminr","3.5","Research Internship - Spring 2020 (NLP, Computer Vision, or Machine Learning)","New York, NY",
"Federal Reserve Bank of San Francisco","3.7","2020 Information Technology - Statistics and Reserves Apps Developer Intern","San Francisco, CA",
"Federal Aviation Administration","3.7","Paid Fall Internships with the FAA","Atlantic City, NJ",
"Philadelphia Housing Authority","2.3","Intern","Philadelphia, PA",
"National Youth Advocate Program","3.8","Intern","Lakewood, OH",
"Science Systems and Applications","4.0","Intern","Pasadena, CA",
"NetApp","3.9","Intern - Software & QA Engineer","Sunnyvale, CA",
"Suttle-Straus","4.4","Intern","Madison, WI",
"RMB Capital","3.8","Intern","Chicago, IL",
"Scotts Miracle-Gro","3.9","Marketing Intern","Columbus, OH",
"Berkeley Point Capital Holdings","3.6","Intern","Dallas, TX",
"Iris Automation","5.0","C++ Software Engineer Intern","Reno, NV",
"Miami Air","3.7","Intern","United States",
"Delphinus Engineering","3.7","Intern","Norfolk, VA",
"University of Georgia","4.2","Intern","Athens, GA",
"Lockton","3.5","Intern","Los Angeles, CA",
"IAT Insurance Group","4.1","Intern","Raleigh, NC",
"Kühne + Nagel","3.4","Intern","Atlanta, GA",
"Plummer Financial Services",,"Intern","Memphis, TN",
"New England Construction",,"Intern","Rumford, RI",
"Abdo, Eick & Meyers, LLP","4.5","Intern","Edina, MN",
"ASHTON TIFFANY, LLC","4.3","Intern","Phoenix, AZ",
"NISA Investment Advisors, LLC","3.4","Intern","Saint Louis, MO",
"Coinbase","4.3","Winter 2020 Internship - Software Engineer","San Francisco, CA",
"FastSpring","4.8","Sales & Marketing Intern","Santa Barbara, CA",
"Weitzman","3.6","Intern","Houston, TX",
"Inova","3.2","Intern","Fairfax, VA",
"Cape Cod Veterinary Specialists","4.1","Intern","Buzzards Bay, MA",
"HKA Marketing Communications",,"Intern","Tustin, CA",
"University of Louisville Physicians","2.8","Intern","Louisville, KY",
"Baylor Scott & White Health","3.4","Intern","Dallas, TX",
"Draper Aden Associates","3.5","Intern","Virginia",
"Carr, Riggs & Ingram, LLC","3.5","Intern","Gainesville, FL",
"Telephone and Data Systems Inc.","3.2","Intern","Madison, WI",
"CEVA Logistics","3.2","Intern","Houston, TX",
"VMBG Accounting","5.0","Intern","Hallandale Beach, FL",
"BC+S",,"Intern","Salem, OR",
"TMC","4.2","Intern","Atlanta, GA",
"The Building People","5.0","Intern","Leesburg, VA",
"Goldberg Segalla LLP","3.4","Intern","Albany, NY",
"Whitney Bailey Cox & Magnani","4.0","Intern","Baltimore, MD",
"The Kasper Group","2.4","Intern","New York, NY",
"Cielo Talent","3.2","Finance/Accounting Intern","Brookfield, WI",
"Collective Medical","4.9","Integration Engineer Intern","Cottonwood Heights, UT",
"Hubbell","3.1","Intern","Columbia, SC",
"Oceans","3.7","Intern","New York, NY",
"Adventist Health NW",,"Intern","Portland, OR",
"Archetype Solutions Group","4.8","Intern","Philadelphia, PA",
"Melaleuca","4.5","Intern","Idaho Falls, ID",
"Penn State University","4.2","Intern","University Park, PA",
"Tarzana Treatment Centers, Inc.","3.1","Intern","Woodland Hills, CA",
"Southern California Edison","3.6","2020 Summer Internship: T&D - Maintenance Performance & Reliability","Pomona, CA",
"Design Interactive","4.8","IT Intern","Orlando, FL",
"Mesirow Financial","3.6","2020 Summer Internship Program","Chicago, IL",
"Smith, Elliott, Kearns & Company","4.2","Intern","Chambersburg, PA",
"Limbach Facility Services LLC","3.1","Intern","Pontiac, MI",
"DDN Storage","3.8","Intern","Colorado Springs, CO",
"Davis-Standard","3.5","Intern","Fulton, NY",
"Child Abuse Prevention Council","4.7","Intern","Stockton, CA",
"Amadeus IT Group SA","3.7","Internship - Trip Cost Predictor - Corporations","Boston, MA",
"Formosi","4.5","Digital Media Internship","Torrance, CA",
"ASML","3.7","Internship: signal improvement of level sensor software simulator","Wilton, CT",
"WebFX","4.7","Digital Marketing - Account Management Internship","Harrisburg, PA",
"London Computer Systems","4.3","Software Developer Co-op/Intern","Cincinnati, OH",
"Esurance","3.9","Data Science Intern","San Francisco, CA",
"Grant Thornton","3.5","Audit Intern- Summer","Albany, NY",
"Beiersdorf (US)","3.5","Summer 2020 Internship","Morristown, NJ",
"True Vision Enterprises","3.7","Advertising Marketing Sales Intern / Full Time Available","Orange, CA",
"Chernoff Diamond &Co","3.5","Intern","Uniondale, NY",
"Melaleuca","4.5","Intern","Idaho Falls, ID",
"JusticeWorks","4.2","Intern","Lancaster, PA",
"Shape (ShapeScale)","5.0","Digital Marketing & Community Coordinator (Internship)","San Francisco, CA",
"Experiment",,"Intern","New York, NY",
"ChenMed","2.9","Intern","Miami Gardens, FL",
"The Millennium Alliance","3.9","Marketing Intern","New York, NY",
"Reliance Standard Life Insurance","3.2","Intern","Philadelphia, PA",
"Axelon, Inc.","3.3","Intern","New York, NY",
"Farm Credit East","3.8","Intern","Enfield, CT",
"HSM Solutions","2.6","Intern","Arlington, TX",
"Penn State University","4.2","Intern","University Park, PA",
"Scientific Games","3.1","Intern","Reno, NV",
"BCS","3.1","Intern","Washington, DC",
"UGI","3.6","Intern-Engineering","Middletown, PA",
"Tarzana Treatment Centers, Inc.","3.1","Intern","Woodland Hills, CA",
"Charleston Hope","5.0","Nonprofit Social Media Intern","Charleston, SC",
"DOMA Technologies","3.2","Intern","Virginia Beach, VA",
"Eckerd Connect","2.8","Intern","Asheville, NC",
"Southern California Edison","3.6","2020 Summer Internship: T&D - Maintenance Performance & Reliability","Pomona, CA",
"Underwriters Laboratories","3.0","Intern","Atlanta, GA",
"REJIS","2.3","Intern","Saint Louis, MO",
"Liebherr","3.6","Intern","Newport News, VA",
"Dartmouth-Hitchcock Medical Center","3.8","Intern","Lebanon, NH",
"Veterans United Home Loans","4.6","Internship, Immersion Diversity Summer Opportunities","Columbia, MO",
"ATPCO","3.3","Intern - Data Scientist","Dulles, VA",
"Key Technology","3.5","Intern","Walla Walla, WA",
"Smith, Elliott, Kearns & Company","4.2","Intern","Chambersburg, PA",
"dbMotion","2.8","Intern","Pittsburgh, PA",
"Wavemaker","3.6","Intern","New York, NY",
"WONGDOODY","4.5","Internship Inquiry - Be A Wongtern","Seattle, WA",
"Limbach Facility Services LLC","3.1","Intern","Pontiac, MI",
"ORIX USA","3.5","Intern","Dallas, TX",
"DDN Storage","3.8","Intern","Colorado Springs, CO",
"Samaritan Health Services","3.3","Intern","Corvallis, OR",
"Child Abuse Prevention Council","4.7","Intern","Stockton, CA",
"Davis-Standard","3.5","Intern","Fulton, NY",
"Walmart","3.2","2020 Intern: AFDP, Corporate Undergraduate Intern","Bentonville, AR",
"Signature Health","3.3","Intern","Cleveland, OH",
"Legacy Marketing Partners","3.4","Intern","Chicago, IL",
"McDonough Bolyard Peck, Inc. (MBP)","3.7","Intern","Fairfax, VA",
"INTL FCStone","3.5","Intern","Bowling Green, OH",
"Maxim Integrated","3.4","Intern","San Jose, CA",
"Newmark Knight Frank","3.0","Intern","Dallas, TX",
"CliftonLarsonAllen","3.5","Intern","Sebring, FL",
"The Veggie Grill","3.5","Intern","Santa Monica, CA",
"Republic Services","3.5","Intern","North Charleston, SC",
"Salem Media Group","4.3","Intern","Irving, TX",
"North American Lighting","4.0","Intern","Salem, IL",
"GreenStone Farm Credit Services","4.8","Tax and Accounting Intern","Berrien Springs, MI",
"HCSS","4.2","Business Analyst Intern","Houston, TX",
"Resources For Human Development","2.6","Intern","Philadelphia, PA",
"Heaven Hill Distilleries","2.6","Brand Management Internship","Louisville, KY",
"Adventist Health","3.4","Intern","Portland, OR",
"Palmetto Health-USC Medical Group","3.1","Intern","Columbia, SC",
"Hubbell Lighting","3.1","Intern","Hamilton, OH",
"SMG Management","3.4","Intern","Houston, TX",
"EquipmentLocator.com","1.8","Intern","Dwight, IL",
"Brandywine Counseling & Community Services Inc","2.6","Intern","Wilmington, DE",
"Outfront Media","2.7","Intern","Charlottesville, VA",
"Brandable","2.7","Intern","Beverly Hills, CA",
"Famous Dave's of America, Inc.","3.2","Intern","Minnetonka, MN",
"Argus Information & Advisory Services","4.0","Intern","White Plains, NY",
"XPO Logistics","3.8","Intern","High Point, NC",
"Auto-Owners Insurance Co","3.5","Intern (summer)","Newnan, GA",
"Crane Worldwide Logistics","3.1","Intern","Atlanta, GA",
"Tetra Tech","4.0","Intern","Portland, OR",
"TJX Companies","3.4","Intern","Evansville, IN",
"Terracon","3.4","Intern","New Orleans, LA",
"Grassi & Co.","3.4","Intern","New York, NY",
"P.W. Grosser Consulting","4.4","Intern","Bohemia, NY",
"Wood Patel & Associates","3.8","Intern","Phoenix, AZ",
"United Community Center","3.6","Intern","Milwaukee, WI",
"Stryker","3.9","Intern","Tempe, AZ",
"Builders Mutual","4.8","Software Developer Intern | Summer","Raleigh, NC",
"Nutanix","3.9","Systems Reliability Engineer- Tools Development Intern","San Jose, CA",
"Sporting Kansas City","4.5","Operations Intern - Spring 2020, Sporting Fields + Athletics","Kansas City, KS",
"John Harris Body Shops","5.0","Intern","Columbia, SC",
"Anomaly Productions",,"Intern","Laguna Hills, CA",
"Aegion","2.8","Intern","Irvine, CA",
"Eaton","3.7","Eaton Internship Program: Information Technology","Peachtree City, GA",
"Rudolph & Sletten","4.2","Project Engineer INTERNSHIP","Roseville, CA",
"Vantage Advertising","3.6","Online Marketing Intern","Rochester, NY",
"The Gemini 3 Group, Inc.","3.9","Intern","Stafford, VA",
"FlightSafety International","3.1","Intern","Columbus, OH",
"Genuine Parts Company","3.5","Intern","Williamsville, NY",
"Andrew Joseph PR",,"Intern","New York, NY",
"Delta Resources","4.5","Intern","Washington, DC",
"Ambarella","3.9","Software Engineer Intern","Santa Clara, CA",
"Behavioral Services","5.0","Addiction Intern Substance Abuse Monitor GraveYard Shift 1230am-830am","Fountain Valley, CA",
"T-O Engineers, Inc.","5.0","Intern","Heber City, UT",
"Virtu Careers","3.4","Summer Internship - Quantitative Research (NYC)","New York, NY",
"JDA Software","4.2","Intern","Dallas, TX",
"Oil States International","3.0","Intern","Arlington, TX",
"JLL","3.7","Intern","Houston, TX",
"Eckler Industries Inc","3.1","Intern","Orlando, FL",
"Fitch Ratings","3.3","Intern","New York, NY",
